TransactionID,Amount,Hour,TransactionsLast24h,DistanceFromHome,IsForeignTxn,IsOnline,Class
1,6.21,17,3,3.1,0,1,0
2,13.85,9,1,13.9,0,0,0
3,29.65,19,5,9.8,0,1,0
4,547.33,0,13,177.5,1,1,1
5,1.44,17,3,4.4,0,1,0
6,21.08,14,5,19.8,0,0,0
7,7.5,15,3,5.4,0,0,0
8,55.42,14,2,6.5,1,0,0
9,11.36,17,3,0.1,0,1,0
10,15.13,20,3,8.6,1,0,0
11,33.85,22,5,9.5,1,0,0
12,57.2,12,4,13.5,0,0,0
13,40.23,2,0,1.3,0,0,0
14,37.43,9,2,12.4,0,1,0
15,14.78,11,5,9.3,0,0,0
16,9.54,14,6,2.0,0,0,0
17,7.51,9,5,4.4,0,1,0
18,104.19,19,1,3.2,0,1,0
19,50.34,11,2,16.6,0,1,0
20,58.83,14,4,0.7,0,0,0
21,58.84,8,3,2.6,0,1,0
22,122.17,16,2,1.3,0,1,0
23,70.94,6,8,3.7,0,1,0
24,1.49,13,2,6.6,0,0,0
25,759.84,5,14,146.6,1,1,1
26,25.04,17,7,0.8,0,1,0
27,51.21,14,6,7.3,0,1,0
28,26.13,17,2,8.4,0,0,0
29,56.55,3,12,12.9,1,1,1
30,36.12,5,4,10.8,0,0,0
31,113.6,9,2,4.6,0,1,0
32,27.17,19,1,0.3,0,0,0
33,1.03,17,2,9.6,1,1,0
34,65.08,17,3,18.2,0,1,0
35,299.11,22,4,26.6,0,0,0
36,138.13,7,1,0.2,0,0,0
37,79.27,18,1,11.4,0,0,0
38,201.86,11,5,11.2,0,0,0
39,170.9,9,1,3.6,0,1,0
40,8.41,11,3,17.9,0,0,0
41,27.24,10,3,6.5,0,0,0
42,109.18,13,2,2.5,0,0,0
43,46.72,7,4,4.1,0,0,0
44,27.11,15,1,17.0,0,1,0
45,113.02,10,2,5.5,0,1,0
46,14.55,13,3,10.0,0,1,0
47,33.05,12,4,5.8,0,0,0
48,38.81,16,4,1.0,0,1,0
49,3.21,12,2,1.8,0,0,0
50,67.18,19,1,3.9,0,1,0
51,73.24,21,2,2.0,0,1,0
52,21.2,12,8,9.6,0,0,0
53,83.57,9,1,3.6,0,1,0
54,31.9,17,2,2.8,0,0,0
55,15.12,7,4,0.9,0,0,0
56,81.62,14,1,14.6,0,0,0
57,24.77,6,2,6.7,1,0,0
58,49.32,11,2,3.2,0,1,0
59,52.9,13,3,10.0,0,1,0
60,131.28,8,5,1.4,1,1,0
61,1.0,12,5,3.1,0,1,0
62,37.16,9,2,7.1,0,0,0
63,10.35,7,3,32.6,0,1,0
64,70.36,15,5,1.0,0,1,0
65,92.17,11,7,1.3,0,1,0
66,4.66,14,0,17.8,0,0,0
67,20.41,9,3,0.6,0,0,0
68,54.3,1,5,20.0,0,1,0
69,10.59,10,3,8.4,0,1,0
70,28.67,8,4,16.2,1,1,0
71,73.5,21,1,2.6,0,0,0
72,8.84,17,2,16.2,0,0,0
73,103.66,8,1,11.7,0,0,0
74,41.59,15,0,6.3,0,1,0
75,41.16,11,3,6.2,0,0,0
76,143.93,19,4,7.9,0,0,0
77,5.79,18,4,9.1,0,1,0
78,5.56,16,5,0.3,0,1,0
79,37.47,15,1,12.5,0,1,0
80,69.13,19,5,42.9,0,0,0
81,41.89,21,5,7.0,0,1,0
82,24.67,14,3,4.8,0,1,0
83,8.6,15,4,0.6,0,0,0
84,40.83,19,2,12.5,0,1,0
85,66.25,12,3,0.9,0,1,0
86,9.46,18,2,2.6,0,0,0
87,76.11,16,3,2.3,0,0,0
88,67.92,10,2,1.5,0,0,0
89,16.2,20,5,5.5,1,1,0
90,133.66,15,5,2.1,0,0,0
91,60.41,18,1,4.5,0,1,0
92,33.04,23,2,22.6,0,0,0
93,99.69,3,6,1.2,0,1,0
94,18.9,9,0,2.1,0,0,0
95,166.8,20,4,3.0,1,0,0
96,10.72,14,3,3.3,0,1,0
97,10.81,11,4,16.6,0,0,0
98,2.16,10,1,10.0,0,0,0
99,149.8,19,2,4.0,0,1,0
100,92.84,20,2,27.2,0,1,0
101,108.23,7,2,2.4,0,1,0
102,44.2,15,4,8.7,0,0,0
103,62.55,16,2,3.7,0,1,0
104,7.32,16,7,5.1,0,0,0
105,67.04,17,4,6.1,0,1,0
106,49.22,14,3,4.4,0,1,0
107,17.36,18,3,17.2,0,1,0
108,50.45,13,2,36.4,0,1,0
109,18.77,10,1,9.5,0,0,0
110,16.53,13,2,17.4,1,1,0
111,16.9,9,2,25.4,0,1,0
112,58.35,18,4,5.3,0,1,0
113,113.01,13,1,1.7,0,1,0
114,47.11,19,4,9.0,0,0,0
115,202.68,16,5,12.7,0,1,0
116,79.17,18,0,2.4,0,1,0
117,25.59,11,2,3.2,0,1,0
118,91.61,10,2,8.8,0,1,0
119,12.53,6,9,0.6,0,0,0
120,2.68,19,1,2.9,0,0,0
121,56.7,5,5,12.7,0,1,0
122,6.35,11,4,3.4,0,0,0
123,185.24,12,1,3.6,0,0,0
124,14.29,17,6,0.1,0,0,0
125,10.05,18,3,7.7,0,0,0
126,1.37,9,2,12.9,0,1,0
127,4.6,17,3,10.4,0,0,0
128,55.97,8,3,4.2,0,1,0
129,13.86,13,4,1.7,0,1,0
130,28.35,10,5,3.0,0,1,0
131,38.69,23,6,5.1,0,1,0
132,48.97,18,7,1.3,0,1,0
133,31.48,8,3,13.0,0,1,0
134,7.42,13,4,7.4,0,0,0
135,14.01,11,5,6.2,0,1,0
136,98.05,10,3,3.9,0,0,0
137,41.58,9,3,0.3,0,1,0
138,24.18,10,4,0.5,0,1,0
139,16.16,13,6,15.3,0,0,0
140,16.42,14,1,8.8,0,0,0
141,101.19,16,1,1.2,0,0,0
142,5.31,13,4,5.1,0,1,0
143,137.47,15,2,6.9,0,1,0
144,90.29,4,4,12.4,0,1,0
145,89.6,15,5,3.0,0,0,0
146,78.38,19,8,2.8,0,0,0
147,120.73,16,0,2.1,0,0,0
148,2.86,14,1,5.5,0,0,0
149,16.45,14,2,10.4,0,0,0
150,2.35,8,1,13.7,0,0,0
151,51.92,7,3,1.5,0,1,0
152,1.0,18,2,6.7,0,0,0
153,101.93,13,6,2.6,0,1,0
154,67.21,14,3,2.2,0,0,0
155,3.83,11,5,8.6,0,0,0
156,72.33,14,2,20.5,0,1,0
157,22.03,8,1,0.2,0,0,0
158,19.04,8,4,0.5,0,0,0
159,164.12,1,2,2.7,0,0,0
160,140.75,11,3,24.5,0,1,0
161,33.55,1,3,2.0,0,0,0
162,17.79,18,4,19.3,0,1,0
163,23.46,14,3,3.5,0,1,0
164,67.63,17,2,1.6,0,1,0
165,120.53,20,3,8.5,0,1,0
166,9.87,14,3,4.6,0,0,0
167,174.28,19,2,1.3,0,1,0
168,15.89,19,3,5.4,0,0,0
169,22.77,15,1,5.1,0,0,0
170,58.38,16,5,9.7,0,1,0
171,31.61,13,1,10.5,0,0,0
172,168.78,9,3,0.4,0,1,0
173,242.37,22,4,1.1,0,0,0
174,2007.13,3,7,88.7,0,1,1
175,25.05,16,4,1.7,0,1,0
176,55.84,15,6,1.6,0,1,0
177,33.85,11,1,0.1,0,1,0
178,6.19,7,4,19.9,0,0,0
179,141.5,15,4,0.4,0,1,0
180,92.35,17,3,18.8,0,1,0
181,30.43,8,6,2.4,0,1,0
182,28.21,15,6,8.2,0,1,0
183,16.72,20,3,4.2,0,0,0
184,84.48,7,0,7.6,0,1,0
185,8.94,19,1,2.2,0,0,0
186,47.27,20,2,28.7,0,0,0
187,93.9,12,1,8.9,0,1,0
188,133.71,18,3,4.1,0,0,0
189,1.2,17,4,0.3,0,0,0
190,22.89,9,1,13.5,0,0,0
191,18.49,0,6,7.9,0,0,0
192,3.15,10,3,7.9,0,1,0
193,16.69,8,1,4.4,0,0,0
194,32.44,12,1,14.8,0,1,0
195,10.76,9,5,17.5,1,0,0
196,5.22,21,8,18.3,0,0,0
197,68.7,17,2,6.2,0,0,0
198,103.25,17,5,8.1,0,0,0
199,137.74,8,4,9.2,0,0,0
200,85.96,8,1,3.3,0,0,0
201,115.7,8,3,15.3,0,1,0
202,3.97,16,8,6.4,1,1,0
203,4.66,16,1,4.4,0,1,0
204,102.28,17,3,2.5,0,0,0
205,7.58,13,1,0.7,0,1,0
206,6.72,16,2,10.7,0,0,0
207,169.64,21,2,11.3,0,1,0
208,147.49,18,2,5.2,0,0,0
209,7.34,13,5,6.3,0,0,0
210,96.94,10,0,8.6,1,0,0
211,42.85,9,5,3.5,0,1,0
212,84.87,9,1,1.4,0,1,0
213,12.41,9,2,1.4,0,0,0
214,35.87,15,6,2.1,0,1,0
215,152.36,5,2,3.8,1,1,0
216,42.41,15,8,21.8,0,0,0
217,40.8,8,3,0.6,0,1,0
218,28.99,9,5,8.5,0,1,0
219,19.84,14,2,3.8,0,1,0
220,125.67,20,2,9.4,0,0,0
221,13.69,11,2,0.2,0,1,0
222,46.16,10,4,7.2,0,0,0
223,31.57,8,1,9.1,1,0,0
224,1.0,17,6,23.0,0,0,0
225,19.85,10,6,5.0,0,1,0
226,48.5,6,2,20.7,0,1,0
227,24.59,16,3,22.8,0,1,0
228,112.24,10,5,5.1,0,0,0
229,13.57,11,6,25.7,0,0,0
230,38.34,9,6,2.7,0,0,0
231,60.11,15,6,39.3,0,1,0
232,2.71,15,3,0.9,0,1,0
233,8.71,1,1,0.8,0,0,0
234,150.2,16,2,0.2,0,0,0
235,153.0,6,2,17.2,0,1,0
236,5.11,12,4,9.5,1,1,0
237,18.42,17,5,10.3,0,1,0
238,54.45,9,3,2.8,0,0,0
239,182.16,8,5,9.3,0,0,0
240,122.43,10,3,23.4,0,0,0
241,194.12,23,7,0.8,1,1,1
242,72.58,10,2,15.6,0,1,0
243,33.17,7,4,8.1,0,0,0
244,25.86,11,0,13.1,0,1,0
245,43.34,10,1,0.3,0,1,0
246,36.79,17,1,1.8,0,1,0
247,33.38,13,5,4.0,0,1,0
248,46.7,17,4,22.6,0,1,0
249,6.22,15,3,0.8,0,0,0
250,265.05,11,2,0.7,0,0,0
251,52.22,15,3,1.0,0,1,0
252,89.13,11,5,60.4,0,0,0
253,3.69,2,4,2.5,0,0,0
254,236.72,15,3,2.4,0,1,0
255,96.41,17,2,0.3,0,0,0
256,2.95,18,3,2.8,0,1,0
257,80.45,5,3,2.8,0,0,0
258,4.07,20,5,1.7,0,0,0
259,48.59,9,4,11.2,0,1,0
260,40.9,15,2,9.0,0,0,0
261,79.67,10,2,1.4,0,0,0
262,17.11,5,8,2.5,0,0,0
263,68.61,14,3,4.4,0,1,0
264,39.69,19,3,14.2,0,1,0
265,9.6,21,5,9.2,1,0,0
266,91.17,11,1,10.2,0,0,0
267,1.0,13,3,3.9,0,1,0
268,23.5,17,2,10.4,0,0,0
269,130.25,4,1,8.0,0,0,0
270,34.08,19,2,1.3,0,0,0
271,22.92,20,2,10.2,0,1,0
272,61.25,19,6,31.2,0,0,0
273,1.48,1,3,2.3,1,1,0
274,187.84,9,2,20.3,0,1,0
275,12.64,16,1,4.7,0,1,0
276,58.68,21,3,5.2,0,1,0
277,14.85,7,2,24.5,0,1,0
278,1.0,14,4,0.5,0,1,0
279,15.66,12,6,7.8,1,1,0
280,69.62,3,14,40.9,0,1,1
281,15.48,21,2,1.7,0,1,0
282,392.34,14,13,55.8,1,1,1
283,197.35,9,6,7.2,0,0,0
284,11.14,10,4,14.1,0,1,0
285,43.81,3,5,10.7,0,1,0
286,6.09,16,3,5.7,0,1,0
287,11.2,10,4,1.0,0,1,0
288,46.21,7,0,6.2,0,0,0
289,25.9,14,3,0.5,0,0,0
290,46.94,21,3,5.7,0,1,0
291,31.02,22,0,8.8,0,0,0
292,143.23,12,4,21.4,0,0,0
293,19.45,10,3,4.9,0,0,0
294,215.09,14,0,11.4,0,1,0
295,33.18,0,0,17.1,0,1,0
296,7.15,7,4,22.7,0,0,0
297,50.53,14,4,9.1,0,1,0
298,45.15,11,4,15.8,0,1,0
299,60.4,7,4,2.2,1,0,0
300,69.49,8,2,13.5,0,0,0
301,91.39,9,2,12.2,0,0,0
302,11.58,8,4,3.2,0,1,0
303,86.91,13,1,3.1,0,1,0
304,15.86,19,1,12.8,0,1,0
305,297.54,11,3,13.4,0,1,0
306,34.04,14,3,1.1,1,1,0
307,1.96,12,1,5.6,0,0,0
308,148.68,10,0,10.6,0,1,0
309,26.76,3,3,3.5,0,1,0
310,1.48,15,6,17.3,1,1,0
311,140.41,8,4,1.8,0,1,0
312,83.92,7,2,3.2,0,1,0
313,77.86,11,1,12.2,0,1,0
314,46.1,9,1,3.3,0,0,0
315,21.21,12,5,20.4,1,0,0
316,23.42,17,3,21.3,0,0,0
317,49.73,19,2,13.8,0,0,0
318,44.45,13,1,9.0,0,0,0
319,33.68,9,5,13.3,0,0,0
320,5.18,8,3,4.3,0,1,0
321,126.3,17,8,14.9,0,0,0
322,25.14,15,4,18.6,0,0,0
323,15.37,13,5,13.7,0,0,0
324,136.86,15,0,17.7,0,0,0
325,56.74,13,2,7.4,0,0,0
326,33.94,20,4,2.6,0,1,0
327,176.3,15,2,6.4,0,1,0
328,29.31,17,3,28.0,0,1,0
329,53.96,22,3,2.5,0,0,0
330,44.8,9,1,2.6,0,0,0
331,82.96,3,8,43.9,0,0,1
332,68.54,8,2,4.9,0,1,0
333,74.48,20,4,15.0,0,0,0
334,58.99,14,5,21.9,0,1,0
335,27.05,18,2,1.1,0,1,0
336,33.82,18,6,4.8,0,0,0
337,170.01,9,1,7.8,0,0,0
338,60.54,11,4,4.8,0,0,0
339,526.03,3,10,55.2,0,1,1
340,33.09,8,3,0.5,0,1,0
341,35.99,22,5,0.2,0,0,0
342,62.22,9,4,8.8,0,0,0
343,17.21,16,5,0.1,0,0,0
344,173.44,22,3,0.8,0,0,0
345,101.63,12,6,2.2,0,0,0
346,7.9,2,5,38.8,0,1,0
347,60.35,19,4,3.2,0,0,0
348,57.87,9,2,6.2,0,1,0
349,19.79,12,4,0.9,0,1,0
350,10.19,18,4,1.7,0,1,0
351,31.98,18,3,2.5,0,0,0
352,25.03,19,1,2.2,1,1,0
353,17.73,23,4,22.9,1,0,0
354,31.02,17,2,6.6,0,0,0
355,28.54,17,3,16.7,1,1,0
356,2.14,9,4,0.1,0,0,0
357,31.34,22,2,4.1,0,0,0
358,2.78,12,7,0.9,1,0,0
359,116.16,14,0,6.0,0,0,0
360,206.65,14,4,2.4,0,0,0
361,52.2,4,4,3.3,0,0,0
362,76.94,19,2,4.8,0,1,0
363,39.38,14,2,1.7,0,0,0
364,22.09,9,4,8.9,0,1,0
365,25.25,12,4,8.6,0,1,0
366,81.75,10,3,5.9,0,1,0
367,44.68,11,2,0.0,0,1,0
368,127.86,19,5,0.1,0,0,0
369,46.53,22,6,12.2,0,1,0
370,62.02,11,1,20.4,0,1,0
371,101.98,8,1,27.1,0,0,0
372,8.61,19,3,3.3,0,0,0
373,65.89,13,2,5.3,0,0,0
374,55.44,15,4,0.9,0,0,0
375,32.04,9,3,1.2,0,1,0
376,18.18,14,2,2.0,0,1,0
377,75.06,11,2,8.3,0,0,0
378,1.0,19,2,3.3,0,1,0
379,63.0,7,2,3.6,0,1,0
380,7.23,10,1,0.3,0,0,0
381,16.6,16,4,0.0,0,0,0
382,16.05,7,5,7.3,0,1,0
383,69.84,10,4,11.8,0,1,0
384,17.52,14,1,24.1,0,0,0
385,36.45,18,1,18.9,0,1,0
386,36.57,12,0,19.0,0,0,0
387,121.08,19,3,0.7,0,0,0
388,57.07,22,0,4.6,0,1,0
389,43.19,6,3,5.6,0,1,0
390,51.42,16,4,22.5,0,1,0
391,25.42,10,2,14.9,0,1,0
392,33.89,9,5,6.1,0,1,0
393,58.66,18,2,19.6,0,1,0
394,23.9,12,7,3.7,0,0,0
395,21.04,16,3,3.3,0,0,0
396,24.83,16,3,3.0,0,1,0
397,3.24,7,2,3.7,0,0,0
398,246.34,21,2,16.5,1,1,0
399,20.6,11,2,0.0,0,0,0
400,33.94,9,1,5.9,0,1,0
401,2.55,8,3,5.7,0,0,0
402,37.55,10,5,2.7,0,0,0
403,226.41,14,4,5.9,1,1,0
404,11.18,18,4,4.8,0,1,0
405,6.11,13,4,53.2,0,1,0
406,60.86,7,3,21.6,0,1,0
407,73.04,17,6,1.0,0,0,0
408,20.68,8,3,8.4,0,0,0
409,79.91,21,3,1.9,0,0,0
410,110.53,16,4,10.1,0,1,0
411,84.79,7,6,18.9,0,0,0
412,117.5,16,2,13.4,0,1,0
413,16.7,2,4,2.0,0,1,0
414,222.97,18,0,29.8,0,0,0
415,38.78,15,2,0.7,0,0,0
416,20.86,19,3,5.9,0,1,0
417,8.94,12,3,8.6,0,0,0
418,172.53,19,1,16.5,1,1,0
419,6.06,18,4,5.7,0,0,0
420,57.8,9,2,3.1,0,0,0
421,53.17,11,2,0.9,0,1,0
422,1.0,17,5,2.3,0,1,0
423,7.16,9,0,4.2,0,0,0
424,17.97,16,5,6.1,0,1,0
425,14.98,16,3,1.8,0,0,0
426,1.31,16,4,1.6,0,1,0
427,70.75,20,4,4.9,0,0,0
428,8.74,12,1,0.1,0,0,0
429,1.0,16,6,8.1,0,0,0
430,145.83,17,4,5.2,1,1,0
431,40.81,18,1,34.5,0,1,0
432,3.86,11,6,19.6,0,0,0
433,211.85,18,7,2.7,0,1,0
434,100.04,11,5,1.8,1,1,0
435,44.04,17,5,15.5,0,0,0
436,1101.72,4,13,25.3,0,1,1
437,56.77,7,5,3.6,0,1,0
438,124.29,14,0,4.1,1,1,0
439,3.33,18,2,5.3,0,0,0
440,25.81,6,4,3.7,1,0,0
441,178.23,0,7,157.9,1,0,1
442,23.5,9,4,4.9,0,1,0
443,70.27,15,2,0.6,0,0,0
444,151.66,10,4,3.3,0,1,0
445,28.14,13,2,31.5,0,1,0
446,275.96,11,4,2.6,0,1,0
447,89.28,20,4,0.3,0,1,0
448,21.48,19,3,6.0,0,0,0
449,68.47,12,5,1.5,0,0,0
450,27.14,21,4,8.7,0,1,0
451,8.16,13,2,9.7,0,0,0
452,48.35,9,2,11.9,0,0,0
453,15.18,14,5,0.2,0,0,0
454,43.19,10,3,15.8,0,0,0
455,33.0,4,1,10.2,0,1,0
456,141.45,9,4,2.0,0,1,0
457,4.35,22,2,5.3,0,0,0
458,77.45,8,3,4.2,0,0,0
459,38.34,14,4,23.0,0,0,0
460,19.55,21,3,35.8,0,0,0
461,40.14,7,6,2.2,1,0,0
462,36.52,12,3,3.7,0,0,0
463,115.64,13,1,11.5,0,1,0
464,80.43,17,5,0.6,0,0,0
465,54.61,10,2,0.1,0,0,0
466,1.0,16,3,1.8,0,0,0
467,2.39,13,1,3.3,0,1,0
468,148.16,8,2,4.5,0,1,0
469,226.45,14,1,0.1,0,1,0
470,36.79,12,3,1.5,0,0,0
471,70.93,15,2,32.3,0,1,0
472,101.12,9,5,0.2,0,0,0
473,74.73,13,0,5.0,0,1,0
474,37.54,12,1,3.5,0,1,0
475,8.07,17,2,1.6,1,0,0
476,622.96,1,7,31.4,1,1,1
477,66.42,21,7,0.8,0,1,0
478,21.13,9,0,1.8,0,1,0
479,110.11,8,4,13.2,0,1,0
480,23.57,14,0,4.0,0,1,0
481,89.09,7,4,10.3,0,0,0
482,27.44,16,3,15.7,0,1,0
483,240.15,7,3,1.2,1,0,0
484,287.55,9,2,22.1,1,1,0
485,43.43,7,2,28.4,0,1,0
486,161.24,20,3,9.5,0,0,0
487,30.93,13,8,1.3,0,0,0
488,1.0,16,2,1.2,0,1,0
489,84.24,20,5,5.9,0,0,0
490,45.48,10,0,4.8,0,0,0
491,100.68,7,6,8.5,0,1,0
492,18.81,15,2,17.2,0,0,0
493,64.66,15,7,5.7,1,0,0
494,31.19,8,0,21.4,0,0,0
495,189.67,20,1,9.7,0,0,0
496,107.13,22,7,18.8,0,1,0
497,56.17,16,3,11.3,0,0,0
498,111.94,13,5,1.7,0,0,0
499,1.95,11,5,0.4,0,1,0
500,39.52,12,4,8.5,0,0,0
501,23.29,15,1,0.8,0,1,0
502,15.33,2,3,13.2,0,1,0
503,215.89,20,2,24.1,0,1,0
504,73.71,10,3,3.8,0,1,0
505,1314.37,19,6,193.3,1,1,1
506,104.84,20,3,10.6,0,0,0
507,38.89,8,2,7.1,0,0,0
508,63.11,19,3,3.1,0,0,0
509,48.23,23,2,2.9,0,1,0
510,16.97,4,2,0.6,0,1,0
511,75.27,13,2,0.8,0,1,0
512,16.66,20,3,8.0,0,0,0
513,58.59,19,5,4.5,0,0,0
514,46.93,11,0,0.1,0,1,0
515,73.72,7,4,7.9,0,1,0
516,76.63,15,3,1.9,0,0,0
517,62.13,9,5,12.0,0,0,0
518,17.11,17,0,9.2,0,0,0
519,13.76,17,0,6.3,0,1,0
520,14.47,17,3,1.6,0,1,0
521,13.42,9,9,9.7,0,0,0
522,13.1,18,3,10.9,0,0,0
523,1.0,16,2,1.1,0,1,0
524,40.58,21,3,0.5,0,0,0
525,52.72,11,2,0.7,0,0,0
526,31.76,11,5,3.2,0,0,0
527,63.42,7,3,4.6,0,0,0
528,20.5,11,0,10.4,0,1,0
529,2.21,11,3,30.9,0,1,0
530,83.94,22,3,2.3,0,1,0
531,35.9,10,2,9.4,0,0,0
532,49.01,7,6,6.4,0,1,0
533,8.22,15,3,2.9,0,0,0
534,15.51,10,2,0.9,0,0,0
535,69.0,17,2,4.1,0,0,0
536,3.41,14,3,16.5,0,1,0
537,304.09,12,2,14.2,0,0,0
538,28.12,19,4,3.3,1,1,0
539,98.69,13,1,4.3,0,0,0
540,16.59,14,5,1.1,0,0,0
541,54.28,13,2,4.1,0,1,0
542,647.65,2,6,69.4,1,1,1
543,88.19,7,1,1.0,0,0,0
544,27.36,13,2,10.1,0,0,0
545,15.16,20,1,3.1,0,1,0
546,34.75,11,5,1.4,0,0,0
547,21.57,13,4,10.3,0,1,0
548,61.16,4,2,2.9,0,0,0
549,152.41,15,1,5.0,0,0,0
550,25.66,22,4,8.0,0,1,0
551,98.73,15,1,24.6,1,0,0
552,182.21,16,2,1.6,0,0,0
553,1031.86,22,9,49.1,1,1,1
554,89.48,8,6,0.9,0,0,0
555,54.04,11,2,16.6,0,0,0
556,15.16,21,1,0.1,1,0,0
557,26.61,15,4,0.7,1,1,0
558,40.85,19,4,23.7,0,1,0
559,51.17,20,3,6.3,0,0,0
560,18.96,19,3,1.2,0,0,0
561,42.73,16,5,9.1,0,1,0
562,10.21,9,2,2.3,0,0,0
563,47.9,9,1,22.0,0,0,0
564,30.6,20,2,6.2,0,1,0
565,65.62,19,2,0.3,0,1,0
566,44.36,22,1,8.6,0,1,0
567,119.8,10,6,0.3,0,0,0
568,100.53,7,4,9.5,1,1,0
569,1.0,8,2,0.9,0,0,0
570,131.14,17,4,3.4,0,0,0
571,44.91,10,4,1.5,0,0,0
572,26.95,8,2,3.3,0,0,0
573,18.42,20,3,1.9,0,0,0
574,113.58,19,2,10.6,0,1,0
575,34.03,12,3,0.4,0,0,0
576,16.24,10,1,14.4,0,0,0
577,2.95,13,2,0.2,0,0,0
578,28.36,23,3,0.3,0,0,0
579,37.75,11,4,2.7,0,0,0
580,1.47,16,4,12.2,1,0,0
581,168.19,18,1,9.2,0,0,0
582,17.5,3,4,26.2,0,1,0
583,36.55,15,2,6.2,0,0,0
584,18.61,5,1,8.9,0,0,0
585,65.27,12,2,5.5,0,1,0
586,3.34,2,5,2.6,0,0,0
587,54.2,15,3,5.1,0,1,0
588,33.23,16,3,4.5,0,0,0
589,121.39,16,0,4.3,0,1,0
590,52.89,20,4,14.1,0,1,0
591,72.6,18,4,1.9,0,0,0
592,64.94,12,1,1.8,0,1,0
593,76.1,21,5,4.1,0,0,0
594,208.17,0,7,154.2,1,0,1
595,6.18,9,7,14.9,0,0,0
596,65.03,3,4,7.2,0,0,0
597,10.64,11,3,7.6,0,0,0
598,14.21,18,5,2.0,0,0,0
599,5.14,18,2,10.1,0,0,0
600,135.75,8,5,2.6,0,0,0
601,93.2,7,2,8.6,0,0,0
602,96.13,8,3,2.2,0,0,0
603,119.31,17,4,16.6,0,0,0
604,70.45,15,4,11.4,0,1,0
605,66.73,5,2,0.4,0,0,0
606,26.0,18,1,2.5,0,0,0
607,255.64,15,3,0.5,1,0,0
608,22.18,22,2,12.5,0,0,0
609,30.41,10,2,10.5,1,1,0
610,70.21,14,2,2.9,0,0,0
611,89.39,14,3,2.6,0,0,0
612,5.99,11,2,1.4,0,0,0
613,38.68,7,1,3.7,0,0,0
614,12.74,12,4,3.1,0,0,0
615,69.28,17,5,20.3,0,0,0
616,42.8,17,3,1.5,0,1,0
617,46.98,13,1,9.6,0,1,0
618,187.41,7,2,0.9,0,0,0
619,7.78,16,4,13.5,0,0,0
620,1.0,13,4,1.9,0,0,0
621,53.43,13,2,16.3,0,1,0
622,17.3,12,6,23.8,0,0,0
623,17.63,16,2,2.3,0,1,0
624,51.0,13,2,1.4,0,1,0
625,11.14,21,2,8.6,0,0,0
626,34.85,13,4,1.5,0,1,0
627,18.42,15,2,29.2,0,1,0
628,74.28,20,7,8.2,0,1,0
629,12.03,19,4,0.9,0,1,0
630,190.46,15,4,9.4,0,0,0
631,52.64,21,7,0.2,0,1,0
632,63.11,8,2,12.7,1,1,0
633,76.38,9,1,3.6,1,1,0
634,84.32,10,6,3.1,0,0,0
635,16.44,15,3,9.3,0,1,0
636,13.29,19,1,6.2,1,0,0
637,42.09,15,4,13.1,0,0,0
638,52.59,19,0,9.1,0,1,0
639,51.71,8,3,12.4,0,0,0
640,6.34,2,2,10.2,0,0,0
641,169.07,10,4,27.1,0,1,0
642,22.28,18,4,6.8,0,0,0
643,26.24,13,1,7.6,0,1,0
644,63.19,18,0,1.7,0,0,0
645,20.6,15,1,15.7,0,0,0
646,58.51,19,1,34.2,0,1,0
647,21.1,14,4,4.7,0,1,0
648,124.99,9,3,2.0,0,1,0
649,16.99,13,4,14.1,0,1,0
650,21.24,22,2,5.3,0,1,0
651,21.74,21,2,6.8,0,1,0
652,86.64,14,2,1.2,1,0,0
653,41.58,11,2,12.1,0,0,0
654,10.61,11,4,2.7,0,1,0
655,20.22,0,2,17.3,0,1,0
656,14.99,2,3,9.4,1,1,0
657,94.98,8,6,9.7,0,1,0
658,1.0,7,5,1.0,0,0,0
659,84.13,22,1,33.5,0,0,0
660,60.13,15,2,33.6,0,0,0
661,94.3,13,2,9.6,0,0,0
662,44.93,13,4,11.7,0,0,0
663,60.11,13,2,20.9,0,1,0
664,58.88,19,1,3.5,0,1,0
665,213.45,15,4,2.2,0,0,0
666,63.37,10,3,8.1,0,1,0
667,76.84,18,4,0.7,0,0,0
668,13.04,20,2,6.5,0,0,0
669,15.06,14,4,8.3,0,1,0
670,16.88,18,2,8.7,0,1,0
671,75.9,7,2,1.6,0,0,0
672,45.38,5,2,49.6,1,1,0
673,88.22,6,1,20.2,0,0,0
674,8.8,17,0,2.9,0,1,0
675,3.83,5,4,16.9,0,0,0
676,3.76,15,2,6.6,0,1,0
677,8.35,7,3,8.2,0,1,0
678,84.27,11,2,2.3,0,1,0
679,11.75,19,3,9.3,0,0,0
680,37.35,22,2,1.1,0,1,0
681,208.36,13,2,1.8,0,1,0
682,54.82,14,4,2.4,0,0,0
683,748.38,1,11,3.9,1,1,1
684,23.74,20,1,12.3,0,1,0
685,13.71,13,3,1.4,0,0,0
686,8.11,11,0,7.9,0,1,0
687,26.92,10,2,5.5,0,1,0
688,119.48,7,2,8.6,0,0,0
689,38.12,18,3,6.4,0,0,0
690,2.17,11,1,12.3,0,1,0
691,43.55,9,4,2.7,0,0,0
692,123.69,6,4,1.5,0,0,0
693,158.96,13,12,13.9,0,0,0
694,7.34,9,6,7.4,0,0,0
695,69.02,18,3,9.7,0,0,0
696,15.94,8,0,10.5,0,1,0
697,27.11,11,5,8.5,0,1,0
698,50.89,14,2,1.8,0,1,0
699,3.53,14,2,4.9,0,0,0
700,2.69,4,3,8.1,0,1,0
701,10.68,19,5,13.7,0,0,0
702,26.34,8,2,9.3,0,1,0
703,43.28,12,1,19.4,0,0,0
704,71.98,7,5,30.4,0,0,0
705,61.03,7,2,7.1,0,0,0
706,40.2,3,3,4.1,0,0,0
707,17.87,8,4,11.9,0,0,0
708,9.08,19,0,1.2,0,0,0
709,25.75,20,3,4.7,0,1,0
710,38.23,9,3,10.8,0,1,0
711,35.77,12,5,7.1,1,0,0
712,46.24,9,3,1.8,0,0,0
713,35.35,14,3,5.4,0,1,0
714,7.07,15,3,4.2,0,0,0
715,58.93,14,2,6.6,0,0,0
716,5.94,18,3,4.1,1,0,0
717,9.47,13,2,9.2,0,1,0
718,12.92,8,1,6.3,0,1,0
719,107.43,17,6,4.6,0,0,0
720,79.0,6,4,1.4,0,1,0
721,15.2,12,4,10.4,0,1,0
722,54.05,21,4,14.4,0,1,0
723,75.26,7,0,14.6,0,0,0
724,41.5,16,3,18.9,0,1,0
725,49.56,9,2,0.7,0,1,0
726,117.42,13,2,11.2,0,0,0
727,33.71,16,3,27.7,0,0,0
728,35.38,16,4,15.7,0,0,0
729,1.0,6,3,4.7,0,0,0
730,85.28,11,5,0.5,0,0,0
731,62.05,9,2,1.9,0,1,0
732,74.79,7,2,7.9,0,0,0
733,1580.93,22,10,102.8,1,1,1
734,46.32,2,5,0.6,0,0,0
735,112.32,9,4,17.0,0,1,0
736,10.82,5,4,9.6,0,0,0
737,34.98,9,3,0.5,0,0,0
738,414.43,16,4,4.3,0,0,0
739,18.96,18,4,10.2,0,0,0
740,19.23,20,1,3.8,0,1,0
741,266.51,1,6,23.4,0,1,1
742,77.7,10,1,10.0,0,0,0
743,63.26,10,3,16.4,0,1,0
744,288.25,11,2,0.2,0,0,0
745,212.96,15,2,12.3,0,1,0
746,45.58,15,4,10.0,0,0,0
747,151.89,16,1,15.1,1,1,0
748,1.45,12,2,2.6,0,0,0
749,184.84,17,5,16.6,0,0,0
750,108.73,19,4,0.7,0,1,0
751,13.85,13,3,2.7,0,0,0
752,32.56,13,2,7.7,0,0,0
753,1.67,13,3,9.5,0,0,0
754,129.76,17,2,17.1,0,0,0
755,45.82,20,4,18.3,0,0,0
756,118.35,9,4,13.4,0,0,0
757,37.9,14,2,5.1,0,0,0
758,34.41,12,1,27.9,0,1,0
759,65.63,17,4,1.1,0,1,0
760,3.83,17,0,2.3,0,1,0
761,203.78,16,4,2.1,1,0,0
762,21.94,20,4,21.7,0,0,0
763,21.97,10,1,6.4,0,0,0
764,23.28,16,4,9.1,0,0,0
765,7.63,19,10,2.4,0,0,0
766,53.81,16,2,13.9,0,0,0
767,9.13,7,1,32.3,0,0,0
768,21.45,15,1,6.8,0,0,0
769,254.39,20,3,8.0,0,0,0
770,134.12,19,3,2.2,0,1,0
771,75.44,11,4,2.9,1,0,0
772,66.78,12,5,1.4,0,1,0
773,5.61,19,2,4.5,0,1,0
774,53.13,9,3,0.5,0,0,0
775,79.09,16,2,8.2,1,1,0
776,31.58,10,2,5.3,0,0,0
777,10.95,19,3,0.7,0,1,0
778,36.43,0,1,9.6,0,0,0
779,23.87,8,5,2.7,0,0,0
780,64.01,20,3,12.9,0,1,0
781,45.02,19,4,20.1,0,1,0
782,56.12,12,4,1.8,0,0,0
783,122.58,13,2,11.3,0,0,0
784,62.27,13,2,3.1,0,1,0
785,7.82,15,5,8.4,0,0,0
786,31.16,19,3,14.0,0,0,0
787,84.98,10,3,1.4,0,1,0
788,1.79,15,1,4.0,0,1,0
789,32.54,19,2,4.8,0,1,0
790,29.88,9,2,3.2,0,0,0
791,19.75,9,4,6.0,0,1,0
792,4.45,8,3,0.5,0,0,0
793,130.76,19,2,2.9,0,0,0
794,46.05,18,5,8.6,0,0,0
795,34.64,16,1,15.3,0,0,0
796,102.63,17,3,0.7,0,1,0
797,55.06,15,6,27.7,0,1,0
798,18.02,17,3,1.2,0,1,0
799,6.38,17,4,8.2,0,0,0
800,28.09,19,3,15.3,0,1,0
801,38.31,17,2,5.1,0,1,0
802,109.48,14,2,0.2,0,0,0
803,64.96,6,5,0.7,0,1,0
804,33.31,8,1,10.6,0,0,0
805,236.54,13,2,9.7,0,0,0
806,9.14,11,4,6.6,0,1,0
807,35.78,15,4,9.0,0,0,0
808,6.57,19,1,6.9,0,0,0
809,27.71,13,1,14.6,0,1,0
810,60.32,20,4,8.5,0,1,0
811,79.57,11,1,0.6,0,1,0
812,5.71,16,2,8.9,0,1,0
813,4.73,17,2,2.9,0,0,0
814,8.48,9,2,2.9,0,0,0
815,64.48,13,2,16.5,0,0,0
816,118.64,11,3,3.7,0,0,0
817,21.77,15,5,4.6,0,1,0
818,68.59,6,5,2.8,0,1,0
819,25.18,10,3,26.1,0,1,0
820,56.06,16,4,0.5,0,0,0
821,88.7,10,3,4.5,0,1,0
822,184.14,17,1,1.6,0,1,0
823,172.11,15,7,6.6,0,0,0
824,130.22,14,0,6.8,0,1,0
825,17.24,17,4,6.5,0,1,0
826,13.68,8,6,10.7,0,1,0
827,26.32,12,7,21.6,0,1,0
828,117.3,9,1,10.4,0,1,0
829,189.24,8,1,5.1,0,0,0
830,197.82,16,4,2.6,0,0,0
831,110.39,23,2,9.1,0,0,0
832,35.01,9,4,8.6,0,1,0
833,27.7,2,1,9.6,0,0,0
834,98.95,15,3,10.2,0,0,0
835,70.9,15,3,22.6,0,0,0
836,4.2,9,2,2.8,0,0,0
837,871.77,3,4,17.0,1,1,1
838,33.83,19,3,20.5,0,0,0
839,43.79,15,6,3.2,0,0,0
840,95.15,0,0,2.0,0,0,0
841,165.1,15,2,5.3,0,0,0
842,166.22,13,4,8.1,0,0,0
843,8.67,22,5,9.1,0,0,0
844,18.24,13,1,12.5,0,1,0
845,151.79,8,3,2.9,0,0,0
846,162.45,8,3,0.2,1,0,0
847,14.95,21,6,3.0,0,0,0
848,704.02,4,8,130.1,1,1,1
849,105.29,6,3,13.2,0,0,0
850,186.59,21,4,1.1,1,0,0
851,226.77,16,3,1.8,0,1,0
852,168.35,18,4,2.0,0,1,0
853,111.82,3,5,0.6,0,1,1
854,5.72,15,1,2.3,0,0,0
855,11.84,14,7,16.2,0,0,0
856,294.57,11,5,6.8,0,1,0
857,9.39,13,2,5.5,1,0,0
858,62.85,8,4,6.5,0,0,0
859,22.24,15,5,9.7,0,0,0
860,26.4,21,2,8.2,0,1,0
861,1.0,22,1,14.8,0,1,0
862,2.29,1,3,14.7,0,1,0
863,11.0,16,2,2.2,0,0,0
864,45.98,7,2,2.9,0,0,0
865,6.29,20,2,8.8,0,0,0
866,86.27,5,2,13.4,0,0,0
867,1.0,16,3,28.2,0,1,0
868,27.97,8,4,1.0,0,1,0
869,248.59,11,4,5.3,0,1,0
870,11.09,2,1,1.2,0,1,0
871,134.31,19,6,9.2,0,0,0
872,17.31,13,2,0.1,0,0,0
873,79.09,17,4,5.2,0,0,0
874,247.08,16,0,1.0,0,0,0
875,14.55,16,1,2.9,0,0,0
876,40.54,7,2,2.5,0,1,0
877,24.08,9,2,1.6,0,0,0
878,2.06,17,4,8.1,0,1,0
879,140.92,12,3,17.8,0,1,0
880,116.31,10,3,0.7,0,0,0
881,12.11,18,2,0.9,0,1,0
882,63.95,20,2,20.0,1,0,0
883,1.6,10,5,5.0,0,0,0
884,9.5,0,5,7.2,0,0,0
885,35.71,16,2,10.2,0,0,0
886,116.65,16,5,4.5,0,0,0
887,48.12,16,5,25.4,1,1,0
888,22.6,20,4,0.9,0,0,0
889,25.27,15,2,11.2,0,0,0
890,329.56,7,4,6.7,0,0,0
891,30.71,9,6,12.5,0,1,0
892,1.0,10,4,1.1,0,0,0
893,24.25,16,0,4.3,0,0,0
894,2.9,12,3,20.0,0,0,0
895,33.72,7,0,1.4,0,0,0
896,57.14,13,3,13.1,0,0,0
897,42.26,12,2,1.9,0,1,0
898,63.12,11,1,0.4,0,1,0
899,38.47,7,3,1.7,0,0,0
900,12.3,12,5,9.4,0,1,0
901,237.06,5,4,1.4,0,1,0
902,102.04,11,0,0.0,0,1,0
903,143.02,11,3,10.5,1,0,0
904,207.87,11,2,26.8,0,1,0
905,61.35,23,3,0.9,0,1,0
906,60.67,19,3,15.8,0,0,0
907,71.35,19,2,18.5,1,0,0
908,150.35,6,3,6.2,0,1,0
909,26.43,13,3,32.3,0,0,0
910,205.47,11,1,1.6,0,0,0
911,80.24,5,3,15.7,1,1,0
912,332.6,21,2,32.7,0,0,0
913,60.9,13,1,4.1,0,0,0
914,10.94,8,1,8.5,0,0,0
915,7.07,20,4,0.3,0,1,0
916,139.15,15,6,1.0,0,0,0
917,45.54,12,2,6.6,0,1,0
918,76.19,15,5,3.1,0,0,0
919,15.4,14,3,22.4,0,0,0
920,29.16,8,1,13.2,0,0,0
921,29.6,8,1,1.9,0,1,0
922,157.56,16,5,8.0,0,0,0
923,16.34,14,3,0.4,0,0,0
924,31.53,11,2,2.3,1,1,0
925,79.17,16,1,3.6,0,0,0
926,69.76,12,3,1.5,0,1,0
927,105.07,10,1,19.5,0,0,0
928,39.6,16,5,14.5,0,1,0
929,36.21,15,0,11.5,0,1,0
930,40.39,0,2,1.6,0,0,0
931,62.48,2,2,0.2,0,0,0
932,16.63,8,2,0.3,0,0,0
933,50.87,17,2,9.9,0,0,0
934,96.26,17,3,6.7,0,0,0
935,102.36,18,3,8.4,0,1,0
936,169.75,14,2,8.5,0,0,0
937,28.92,19,3,24.6,0,0,0
938,96.59,9,2,7.0,0,0,0
939,208.01,8,2,1.2,0,1,0
940,113.01,12,3,3.7,0,1,0
941,18.61,21,2,10.1,0,0,0
942,22.97,16,1,2.6,0,1,0
943,12.22,13,9,8.3,0,0,0
944,50.95,10,2,2.4,0,0,0
945,119.97,16,1,12.7,1,1,0
946,162.29,2,3,0.6,1,1,0
947,17.16,6,3,1.8,0,0,0
948,2.15,16,4,0.4,0,0,0
949,105.51,10,2,6.3,0,1,0
950,41.47,12,5,1.8,0,1,0
951,34.3,12,3,0.3,0,1,0
952,16.4,18,2,7.7,0,0,0
953,63.36,16,1,29.1,0,1,0
954,7.12,3,0,8.7,0,1,0
955,174.95,13,4,14.9,0,0,0
956,46.76,8,3,7.5,1,0,0
957,1171.29,23,7,144.4,0,1,1
958,23.57,13,6,9.3,0,1,0
959,1.35,17,2,15.7,0,0,0
960,1.0,11,3,5.4,1,1,0
961,80.81,12,5,2.3,0,1,0
962,35.38,8,4,9.0,0,1,0
963,6.02,9,2,0.6,0,0,0
964,9.84,15,3,8.5,0,1,0
965,162.04,17,2,2.6,0,0,0
966,84.82,16,3,21.3,0,1,0
967,96.95,18,4,4.5,0,1,0
968,6.68,12,1,12.8,0,0,0
969,128.93,18,4,18.2,0,0,0
970,267.12,19,4,0.2,0,0,0
971,139.95,20,4,0.5,0,1,0
972,12.22,10,4,5.6,0,1,0
973,65.86,6,2,0.9,0,0,0
974,120.26,10,5,6.2,0,0,0
975,22.31,17,1,10.7,0,0,0
976,142.59,20,1,3.4,0,0,0
977,94.47,21,3,11.8,0,1,0
978,9.91,17,2,0.8,0,1,0
979,17.21,14,1,9.5,0,0,0
980,70.98,18,2,11.8,0,0,0
981,13.79,14,1,5.9,0,0,0
982,28.66,14,1,21.9,0,0,0
983,40.2,9,3,4.1,0,1,0
984,153.05,19,1,14.9,0,1,0
985,73.55,17,3,3.0,0,0,0
986,1.09,9,4,10.1,0,0,0
987,4.24,12,5,0.7,1,0,0
988,114.56,18,1,12.5,0,0,0
989,31.33,21,1,4.5,0,0,0
990,163.21,22,1,2.4,0,1,0
991,36.64,14,3,4.3,0,1,0
992,97.99,9,6,21.3,0,0,0
993,142.31,12,4,14.8,1,1,0
994,1.05,18,4,10.0,0,0,0
995,4.15,20,5,25.6,0,1,0
996,71.85,12,4,2.4,0,0,0
997,33.0,21,4,20.1,0,0,0
998,134.96,16,9,54.2,1,0,1
999,32.3,22,3,15.2,0,0,0
1000,25.74,21,1,11.9,0,0,0
1001,50.6,21,7,11.9,0,0,0
1002,93.66,13,1,2.2,0,0,0
1003,13.85,9,2,8.1,0,1,0
1004,6.27,6,2,7.2,0,1,0
1005,47.06,7,1,16.5,0,0,0
1006,47.22,22,3,1.6,0,1,0
1007,4.94,9,3,1.4,0,0,0
1008,81.27,17,3,3.7,0,1,0
1009,54.92,10,4,8.6,0,0,0
1010,19.39,3,5,1.5,0,1,0
1011,24.6,15,3,9.6,0,1,0
1012,1090.26,1,8,24.4,1,1,1
1013,56.09,13,3,14.2,0,1,0
1014,27.65,11,2,4.5,0,1,0
1015,12.41,18,6,11.2,0,0,0
1016,79.78,7,1,1.9,0,1,0
1017,1.66,9,1,7.7,0,0,0
1018,37.64,7,2,11.0,0,1,0
1019,56.81,8,4,5.0,0,1,0
1020,72.44,23,2,13.5,0,1,0
1021,67.79,0,4,8.0,0,1,0
1022,64.4,10,2,13.5,0,0,0
1023,39.9,6,3,8.4,0,0,0
1024,181.83,17,0,2.9,0,1,0
1025,51.61,13,2,0.3,0,0,0
1026,72.73,14,3,6.8,0,0,0
1027,58.99,3,3,1.5,0,0,0
1028,83.09,16,2,13.7,0,0,0
1029,69.4,20,2,2.6,0,0,0
1030,1.0,8,3,4.2,0,0,0
1031,29.9,20,5,10.7,0,1,0
1032,89.44,15,2,6.9,0,0,0
1033,38.16,17,3,5.2,0,0,0
1034,67.79,14,3,3.7,0,1,0
1035,43.86,15,7,4.3,0,1,0
1036,52.61,21,1,8.3,0,0,0
1037,81.27,14,2,9.0,0,0,0
1038,210.37,13,4,9.1,0,1,0
1039,36.13,8,2,1.7,0,1,0
1040,62.72,19,5,12.2,0,1,0
1041,141.0,21,3,1.7,0,0,0
1042,18.1,22,2,10.3,0,1,0
1043,5.49,8,2,10.0,1,0,0
1044,54.18,17,2,7.5,0,1,0
1045,118.36,2,10,85.6,1,1,1
1046,32.84,0,2,0.0,0,0,0
1047,97.92,12,6,2.5,0,0,0
1048,14.09,17,5,18.9,0,0,0
1049,21.57,10,3,3.8,0,0,0
1050,203.91,19,5,10.1,0,0,0
1051,39.27,8,1,15.3,0,0,0
1052,55.09,7,0,29.8,0,1,0
1053,42.39,9,1,4.6,0,0,0
1054,1.0,10,8,0.9,0,0,0
1055,56.83,13,0,2.3,0,1,0
1056,34.39,1,3,1.0,0,1,0
1057,1.0,13,2,18.3,0,0,0
1058,84.53,21,3,17.0,0,0,0
1059,192.16,7,5,18.1,0,0,0
1060,1.0,12,0,15.2,0,1,0
1061,45.95,21,7,3.2,0,0,0
1062,84.0,2,4,9.2,1,0,0
1063,3.44,9,3,2.3,0,1,0
1064,112.15,17,0,2.0,0,1,0
1065,88.04,9,5,5.6,0,1,0
1066,9.78,15,0,14.2,0,1,0
1067,90.37,20,9,6.3,1,0,0
1068,5.21,17,3,17.7,0,1,0
1069,28.84,9,3,18.7,0,0,0
1070,47.33,8,3,10.6,1,1,0
1071,164.62,8,5,0.2,0,1,0
1072,21.14,18,1,6.1,0,0,0
1073,174.84,14,2,5.3,0,0,0
1074,57.69,6,6,5.6,0,0,0
1075,33.96,1,5,2.6,0,1,0
1076,5.62,17,4,6.0,0,1,0
1077,77.42,6,2,7.3,0,1,0
1078,15.55,9,2,1.5,0,0,0
1079,20.31,16,3,1.3,0,1,0
1080,36.74,17,1,1.2,0,1,0
1081,12.27,11,3,1.4,0,1,0
1082,48.81,11,4,23.0,0,1,0
1083,205.58,3,3,6.8,0,1,0
1084,14.44,14,5,4.0,0,0,0
1085,150.18,18,3,4.8,0,1,0
1086,10.37,18,3,1.8,0,0,0
1087,9.99,3,4,4.0,0,0,0
1088,113.56,16,4,1.5,0,1,0
1089,476.48,6,3,12.7,0,1,0
1090,1.0,19,0,12.2,0,1,0
1091,1.0,9,2,0.7,0,0,0
1092,12.12,12,3,9.4,0,0,0
1093,77.01,20,4,5.3,1,1,0
1094,54.04,18,2,2.1,0,1,0
1095,14.76,9,3,13.1,0,1,0
1096,70.17,15,3,28.2,0,0,0
1097,16.23,0,5,5.4,0,0,0
1098,117.11,19,6,7.6,0,1,0
1099,58.6,19,1,7.8,0,1,0
1100,70.11,0,1,12.5,0,0,0
1101,23.69,20,1,4.6,0,1,0
1102,77.96,9,5,7.0,0,0,0
1103,1796.13,21,12,72.3,0,1,1
1104,118.44,16,2,0.1,0,0,0
1105,8.94,10,5,16.7,0,1,0
1106,16.8,8,1,20.6,0,0,0
1107,52.29,15,2,1.1,0,1,0
1108,41.31,15,1,14.4,0,1,0
1109,23.37,17,4,15.1,0,0,0
1110,196.01,0,10,50.5,0,1,1
1111,38.31,15,4,5.8,0,1,0
1112,183.04,9,0,6.3,0,0,0
1113,39.34,17,1,20.5,0,0,0
1114,53.15,16,1,7.1,0,1,0
1115,29.81,14,3,0.9,0,0,0
1116,59.28,20,2,2.5,0,0,0
1117,56.12,2,6,1.7,0,1,0
1118,71.1,7,6,9.9,0,1,0
1119,24.54,20,3,2.1,0,0,0
1120,12.3,13,5,3.0,0,0,0
1121,1.68,20,3,16.9,0,0,0
1122,67.87,13,1,9.9,1,1,0
1123,38.17,7,1,5.8,0,1,0
1124,102.11,21,7,2.1,0,0,0
1125,14.66,19,5,11.3,0,1,0
1126,75.84,2,4,1.4,0,1,0
1127,106.64,12,5,4.0,1,0,0
1128,18.16,18,5,7.9,0,1,0
1129,35.08,7,3,0.7,0,1,0
1130,45.09,21,5,2.6,0,1,0
1131,32.22,21,3,37.3,0,0,0
1132,60.55,10,1,11.4,1,1,0
1133,18.73,3,6,3.2,0,0,0
1134,20.56,9,3,9.5,0,1,0
1135,39.09,10,3,9.1,0,1,0
1136,26.79,8,1,0.0,0,1,0
1137,110.46,12,6,23.3,0,0,0
1138,68.25,10,4,0.2,0,1,0
1139,15.25,7,1,13.7,0,0,0
1140,58.64,12,4,4.6,0,1,0
1141,41.16,12,3,4.5,0,1,0
1142,19.08,12,5,0.1,0,0,0
1143,25.0,12,1,1.1,0,1,0
1144,47.56,11,3,6.2,1,0,0
1145,4.33,9,1,12.2,0,0,0
1146,25.25,9,3,33.0,0,1,0
1147,53.28,18,2,18.4,0,0,0
1148,32.7,15,3,14.4,0,1,0
1149,18.67,8,2,5.7,1,1,0
1150,35.94,16,3,11.1,0,0,0
1151,10.62,8,1,5.1,0,1,0
1152,117.47,14,5,6.5,0,1,0
1153,53.14,17,1,2.9,0,0,0
1154,112.46,15,6,17.2,0,0,0
1155,39.5,20,1,6.8,0,0,0
1156,2.99,15,3,2.6,0,1,0
1157,71.83,20,1,6.1,0,0,0
1158,38.99,15,4,0.9,0,0,0
1159,47.15,11,2,0.6,0,1,0
1160,24.46,16,4,7.6,0,1,0
1161,19.29,15,3,7.6,0,0,0
1162,140.78,16,3,4.7,0,1,0
1163,143.81,9,5,3.0,0,0,0
1164,20.36,9,5,5.6,0,1,0
1165,8.33,18,2,8.4,0,0,0
1166,87.17,8,3,1.4,0,0,0
1167,22.86,23,2,0.4,0,1,0
1168,34.73,12,4,2.1,0,1,0
1169,51.16,19,3,3.9,0,0,0
1170,28.5,15,3,4.5,0,1,0
1171,117.7,19,4,9.9,0,0,0
1172,9.31,16,4,11.9,0,1,0
1173,103.21,17,1,3.4,1,1,0
1174,49.92,18,6,9.5,1,0,0
1175,51.49,15,1,11.9,1,0,0
1176,6.1,7,2,15.2,0,0,0
1177,62.96,9,2,1.3,0,1,0
1178,164.28,13,2,7.0,0,0,0
1179,12.45,13,1,8.8,0,0,0
1180,9.74,22,0,2.6,0,0,0
1181,33.72,15,5,8.7,0,0,0
1182,123.82,19,1,1.2,0,0,0
1183,191.95,14,3,8.7,0,0,0
1184,3.96,9,2,6.1,0,1,0
1185,74.2,8,2,3.3,0,0,0
1186,58.92,18,4,10.6,0,0,0
1187,99.39,20,6,12.7,0,0,0
1188,8.77,12,3,0.9,0,1,0
1189,123.76,8,9,12.5,0,0,0
1190,88.94,11,2,11.7,0,1,0
1191,81.39,11,2,8.7,0,0,0
1192,556.57,4,4,34.6,1,0,1
1193,29.53,13,5,16.4,0,1,0
1194,107.27,11,3,0.5,0,1,0
1195,9.05,13,5,7.1,0,1,0
1196,44.53,18,4,3.5,0,0,0
1197,227.04,11,4,4.7,0,0,0
1198,114.4,3,5,1.0,0,1,0
1199,80.46,14,1,7.8,0,0,0
1200,23.04,10,3,0.9,0,0,0
1201,254.48,7,6,2.8,0,0,0
1202,96.58,19,5,0.1,0,0,0
1203,48.09,22,3,3.7,1,1,0
1204,103.52,9,2,10.8,0,0,0
1205,84.52,15,3,2.6,0,0,0
1206,69.28,13,0,14.3,0,0,0
1207,36.61,8,4,7.5,0,0,0
1208,42.38,13,3,1.5,0,1,0
1209,22.64,15,4,3.4,0,1,0
1210,32.39,14,4,5.8,0,1,0
1211,7.71,21,7,15.9,0,0,0
1212,46.02,15,3,5.3,0,0,0
1213,1.51,18,1,1.2,0,0,0
1214,29.24,15,1,15.7,0,0,0
1215,20.93,12,4,1.4,0,1,0
1216,1.89,19,2,23.9,0,0,0
1217,12.08,15,2,0.2,0,1,0
1218,22.09,10,4,1.3,0,0,0
1219,47.04,11,2,3.8,0,0,0
1220,67.55,18,3,9.9,0,0,0
1221,23.93,10,3,12.3,0,1,0
1222,6.94,14,4,11.6,0,0,0
1223,2.67,10,3,4.8,0,0,0
1224,43.45,21,3,12.2,0,1,0
1225,1229.65,23,13,29.4,1,1,1
1226,29.22,10,1,9.6,0,0,0
1227,29.21,17,5,11.3,0,0,0
1228,48.72,14,5,7.5,0,0,0
1229,52.89,19,2,2.1,0,0,0
1230,31.52,14,5,4.1,0,1,0
1231,1.0,18,4,1.9,0,1,0
1232,5.65,11,1,1.4,0,1,0
1233,74.2,11,3,15.3,0,1,0
1234,59.32,12,1,2.3,0,1,0
1235,298.0,21,6,8.1,0,1,0
1236,98.73,8,0,2.0,0,1,0
1237,57.65,9,5,22.6,0,0,0
1238,1.8,12,2,6.2,0,0,0
1239,64.32,7,1,0.7,0,0,0
1240,4.95,16,5,13.6,0,1,0
1241,75.98,12,0,10.6,0,1,0
1242,17.31,0,3,14.0,0,1,0
1243,4.05,15,3,22.7,1,1,0
1244,63.59,12,1,2.3,0,0,0
1245,6.68,11,2,2.7,0,1,0
1246,89.27,3,1,6.1,0,0,0
1247,16.51,17,3,4.9,0,0,0
1248,36.33,17,8,12.6,0,0,0
1249,67.57,12,1,4.4,1,1,0
1250,107.21,14,1,6.4,0,1,0
1251,36.85,8,3,1.9,1,1,0
1252,4.39,10,2,3.3,0,0,0
1253,22.44,16,3,1.4,0,1,0
1254,121.11,13,2,3.5,0,1,0
1255,1.0,7,1,9.8,0,0,0
1256,56.0,20,5,2.9,0,0,0
1257,21.38,17,4,1.2,1,0,0
1258,43.25,3,4,5.0,0,0,0
1259,17.31,16,5,2.3,0,1,0
1260,44.65,11,3,4.5,0,0,0
1261,58.71,9,3,2.4,1,0,0
1262,9.73,10,2,16.7,0,1,0
1263,30.84,19,3,7.1,0,1,0
1264,1.99,10,4,4.6,0,0,0
1265,37.73,14,1,9.6,0,0,0
1266,12.72,11,4,4.1,0,0,0
1267,10.59,21,0,15.1,1,1,0
1268,11.95,10,2,5.4,0,1,0
1269,23.55,5,6,1.1,0,0,0
1270,59.5,10,2,2.2,0,0,0
1271,3.97,3,1,10.2,0,1,0
1272,8.72,7,5,2.1,0,0,0
1273,1.0,22,4,13.4,0,0,0
1274,799.21,23,12,60.0,0,1,1
1275,1.0,13,4,2.5,1,0,0
1276,35.34,10,2,2.1,0,1,0
1277,91.56,19,6,13.3,1,1,1
1278,1.0,8,7,11.2,0,0,0
1279,57.32,11,3,2.6,0,0,0
1280,94.4,7,2,28.0,0,1,0
1281,16.96,7,0,8.7,0,0,0
1282,70.48,8,3,5.1,0,1,0
1283,51.87,16,4,13.1,0,1,0
1284,36.82,7,3,21.6,1,0,0
1285,54.15,14,3,0.7,0,1,0
1286,12.38,21,3,5.6,0,0,0
1287,135.58,10,6,1.3,1,0,0
1288,38.04,18,4,1.5,0,0,0
1289,58.52,7,5,7.6,0,1,0
1290,51.91,12,3,4.3,0,0,0
1291,35.38,8,2,8.8,0,0,0
1292,119.15,16,2,7.6,0,0,0
1293,8.04,8,3,6.6,0,0,0
1294,44.89,8,0,5.8,0,1,0
1295,263.8,0,11,39.7,1,1,1
1296,97.19,16,3,13.6,0,1,0
1297,98.0,17,7,15.0,0,1,0
1298,79.73,17,6,4.4,0,1,0
1299,104.8,18,5,8.9,0,0,0
1300,1.06,12,1,3.4,0,1,0
1301,113.46,14,0,2.9,0,0,0
1302,37.8,14,2,5.1,0,1,0
1303,82.81,8,10,0.7,1,1,0
1304,2.98,20,6,1.6,0,1,0
1305,36.24,13,3,20.9,0,1,0
1306,145.9,15,3,1.0,1,1,0
1307,35.8,14,2,3.2,0,1,0
1308,5.74,13,4,5.0,0,1,0
1309,21.31,0,5,11.1,0,1,0
1310,70.88,17,11,0.0,0,1,0
1311,49.66,12,2,15.5,0,1,0
1312,87.26,19,2,7.8,0,1,0
1313,28.0,15,1,6.6,1,0,0
1314,194.3,22,10,193.7,1,1,1
1315,66.24,5,1,28.9,1,1,0
1316,124.33,11,6,2.0,0,0,0
1317,90.35,13,4,8.7,1,1,0
1318,9.38,8,3,3.1,0,1,0
1319,29.22,10,2,3.9,0,1,0
1320,20.48,4,3,7.1,0,1,0
1321,26.6,3,4,8.9,0,0,0
1322,65.66,16,2,1.4,0,1,0
1323,62.28,8,2,7.7,0,1,0
1324,58.99,9,1,6.9,0,0,0
1325,70.65,12,5,11.7,0,1,0
1326,29.13,20,1,20.5,0,1,0
1327,25.32,18,1,9.5,0,0,0
1328,41.21,10,4,3.1,0,1,0
1329,11.6,12,3,1.1,0,1,0
1330,40.16,13,3,18.5,0,1,0
1331,177.9,14,3,5.0,0,0,0
1332,24.06,12,2,3.6,0,1,0
1333,64.34,17,1,4.4,0,1,0
1334,18.56,15,2,1.9,0,1,0
1335,52.26,8,1,4.0,0,0,0
1336,23.55,14,0,8.0,0,1,0
1337,80.36,15,6,16.4,0,0,0
1338,10.58,9,3,1.1,0,1,0
1339,11.5,17,4,5.7,0,1,0
1340,26.79,21,4,0.5,0,0,0
1341,44.07,10,4,17.6,0,1,0
1342,61.25,10,3,2.5,0,0,0
1343,38.78,17,5,12.3,0,0,0
1344,19.5,10,2,18.3,0,0,0
1345,42.76,16,4,10.4,0,1,0
1346,76.24,9,7,16.3,0,1,0
1347,130.91,5,9,10.9,0,1,1
1348,30.47,11,4,10.7,0,1,0
1349,30.0,21,3,8.7,0,0,0
1350,30.05,7,1,1.9,0,0,0
1351,112.27,12,4,6.1,0,0,0
1352,20.06,19,1,24.0,0,1,0
1353,121.64,8,4,15.3,0,1,0
1354,59.21,16,4,4.1,0,1,0
1355,220.83,17,8,7.5,1,0,0
1356,79.0,8,2,13.7,0,1,0
1357,2300.21,2,7,1.2,1,0,1
1358,23.02,19,0,3.0,0,0,0
1359,157.07,7,2,0.2,0,0,0
1360,139.47,10,0,9.8,0,0,0
1361,29.55,14,4,3.2,1,0,0
1362,2.92,16,4,31.9,0,1,0
1363,35.28,9,0,4.0,0,1,0
1364,121.53,13,4,1.8,0,0,0
1365,42.86,14,3,12.7,0,0,0
1366,29.33,6,2,1.8,0,1,0
1367,254.26,14,4,4.8,0,1,0
1368,1.0,7,3,4.2,0,0,0
1369,32.81,10,4,0.3,0,0,0
1370,37.25,21,4,6.2,0,0,0
1371,65.59,11,6,3.7,0,0,0
1372,23.57,12,1,20.1,0,1,0
1373,1.0,8,3,4.9,0,1,0
1374,13.83,13,1,4.0,0,1,0
1375,82.43,4,3,15.8,0,0,0
1376,3.2,11,1,0.4,0,1,0
1377,81.28,9,2,3.8,0,0,0
1378,58.37,15,2,15.0,1,0,0
1379,19.05,17,1,5.9,0,0,0
1380,80.79,16,1,10.3,1,1,0
1381,45.0,14,4,5.1,0,1,0
1382,8.98,16,1,10.4,0,1,0
1383,15.44,14,7,7.8,0,0,0
1384,233.4,8,4,7.1,1,0,0
1385,258.52,17,4,10.1,0,0,0
1386,31.97,12,4,0.6,0,0,0
1387,41.39,12,6,1.4,0,1,0
1388,23.31,10,2,5.0,0,0,0
1389,20.78,8,3,2.7,0,0,0
1390,1.0,21,5,3.5,0,0,0
1391,1.0,8,3,9.9,0,1,0
1392,11.39,18,4,6.7,0,1,0
1393,81.94,7,1,18.9,0,0,0
1394,5.14,9,2,6.0,0,1,0
1395,3.95,19,4,1.3,0,0,0
1396,82.64,10,3,0.4,0,0,0
1397,20.89,1,2,24.1,0,1,0
1398,125.14,14,7,8.6,0,0,0
1399,12.69,5,4,18.4,0,1,0
1400,26.38,9,4,8.5,0,0,0
1401,11.22,11,2,1.7,0,1,0
1402,44.98,11,9,2.2,0,1,0
1403,15.33,12,2,1.2,0,0,0
1404,178.27,6,3,27.8,0,1,0
1405,140.5,12,3,1.4,0,0,0
1406,30.18,18,3,0.9,0,1,0
1407,8.16,18,6,19.1,1,1,0
1408,151.0,18,3,7.2,0,0,0
1409,37.07,8,1,1.2,0,1,0
1410,22.35,17,4,2.9,0,0,0
1411,48.04,17,2,6.7,0,0,0
1412,123.76,22,8,8.7,0,0,0
1413,99.37,20,2,1.3,0,0,0
1414,17.06,21,1,5.9,1,1,0
1415,83.93,17,5,4.7,0,1,0
1416,56.37,8,7,23.8,0,1,0
1417,65.72,17,3,3.6,0,0,0
1418,127.56,8,3,15.8,1,1,0
1419,57.63,12,1,2.2,0,0,0
1420,15.88,9,2,14.1,0,0,0
1421,19.53,8,2,2.3,0,0,0
1422,13.9,12,4,22.5,0,0,0
1423,66.4,6,6,8.2,1,1,0
1424,10.87,21,3,0.5,0,0,0
1425,21.72,16,3,1.5,0,1,0
1426,49.35,22,4,5.1,0,0,0
1427,1.0,14,3,0.1,0,0,0
1428,62.93,7,3,21.4,0,0,0
1429,76.26,7,2,0.4,0,0,0
1430,13.31,7,1,3.0,1,1,0
1431,41.43,16,3,33.0,0,0,0
1432,45.28,6,3,22.2,0,1,0
1433,28.52,7,6,4.4,0,0,0
1434,1.48,4,2,8.9,0,0,0
1435,120.41,20,2,17.7,0,0,0
1436,40.48,15,3,14.1,0,0,0
1437,64.82,18,3,2.7,0,0,0
1438,26.77,14,3,7.0,0,1,0
1439,98.21,8,3,10.6,0,1,0
1440,86.8,18,5,3.4,0,0,0
1441,60.62,18,4,22.4,0,1,0
1442,54.27,5,3,30.4,0,1,0
1443,117.71,19,2,15.7,0,0,0
1444,16.83,14,3,16.3,0,1,0
1445,65.51,18,4,11.6,0,0,0
1446,245.94,11,2,6.5,1,0,0
1447,84.36,10,4,1.0,0,0,0
1448,22.6,17,4,3.3,0,0,0
1449,116.71,22,4,12.1,0,0,0
1450,10.29,13,1,4.8,0,0,0
1451,77.91,14,3,3.7,0,1,0
1452,98.19,6,2,0.7,0,1,0
1453,213.78,4,3,1.2,0,1,0
1454,128.24,17,5,8.3,0,0,0
1455,6.35,10,4,8.1,0,1,0
1456,19.09,20,0,6.9,0,0,0
1457,58.93,8,8,14.2,0,1,0
1458,74.06,11,0,6.4,0,1,0
1459,11.91,10,3,15.6,0,0,0
1460,173.78,16,2,0.1,0,0,0
1461,92.8,14,2,13.3,1,1,0
1462,92.41,8,3,7.2,0,1,0
1463,22.71,11,1,6.8,0,1,0
1464,363.23,2,2,8.2,0,1,0
1465,16.31,12,3,0.4,0,1,0
1466,34.7,22,2,9.8,0,1,0
1467,83.9,17,2,4.0,0,0,0
1468,16.99,21,2,17.6,0,1,0
1469,17.22,11,2,3.7,1,1,0
1470,56.8,18,1,10.2,0,1,0
1471,35.86,18,3,6.5,0,0,0
1472,94.17,11,5,26.3,0,0,0
1473,35.86,7,5,26.3,0,0,0
1474,1.5,9,4,0.2,1,0,0
1475,23.02,7,5,8.6,0,0,0
1476,23.48,21,3,23.6,0,0,0
1477,11.04,2,5,3.3,0,1,0
1478,266.56,11,0,10.7,0,1,0
1479,54.42,3,2,18.4,0,0,0
1480,2.51,11,5,10.3,0,0,0
1481,4.79,12,1,2.7,0,0,0
1482,13.33,0,5,10.6,0,1,0
1483,5.27,17,2,2.8,0,0,0
1484,1.0,14,5,0.1,1,1,0
1485,14.83,14,3,15.3,0,0,0
1486,12.78,8,4,0.7,0,0,0
1487,91.27,12,2,25.5,0,0,0
1488,43.4,10,0,1.7,0,1,0
1489,20.28,19,4,6.3,0,1,0
1490,46.97,17,1,2.7,0,1,0
1491,2.69,14,1,9.4,0,1,0
1492,12.53,13,2,35.1,1,1,0
1493,10.73,10,4,3.1,0,0,0
1494,47.73,19,2,1.1,0,1,0
1495,64.5,10,4,0.7,0,1,0
1496,11.84,12,2,4.1,0,1,0
1497,124.83,11,3,13.0,0,0,0
1498,67.24,8,1,7.0,0,1,0
1499,34.97,17,2,12.3,0,1,0
1500,11.37,18,5,18.4,0,0,0
1501,216.58,17,2,47.7,0,0,0
1502,149.35,17,3,5.5,0,1,0
1503,32.7,20,4,14.9,0,1,0
1504,6.01,10,4,6.3,0,1,0
1505,5.85,8,3,8.1,0,0,0
1506,35.58,14,2,14.8,0,0,0
1507,77.19,9,2,0.6,0,0,0
1508,68.4,9,5,14.5,0,1,0
1509,104.93,14,4,1.5,0,0,0
1510,418.62,16,6,3.5,0,1,0
1511,49.76,11,3,5.9,0,1,0
1512,87.49,17,1,4.2,0,0,0
1513,2.76,8,3,0.1,0,0,0
1514,49.36,14,5,7.8,0,1,0
1515,17.55,6,1,7.7,0,1,0
1516,23.47,3,3,8.7,0,0,0
1517,1.42,8,1,22.7,0,0,0
1518,1.31,18,5,8.2,0,1,0
1519,18.7,14,2,5.7,0,0,0
1520,1.03,23,5,27.3,0,0,0
1521,77.45,12,4,18.9,0,0,0
1522,5.21,7,0,15.2,0,0,0
1523,220.66,17,3,7.3,0,0,0
1524,47.05,0,1,0.6,0,0,0
1525,2.17,15,2,65.6,0,1,0
1526,82.48,10,3,8.4,0,0,0
1527,5.8,17,2,4.1,1,0,0
1528,71.74,14,4,8.2,0,1,0
1529,215.73,17,1,21.0,0,1,0
1530,18.09,10,4,3.7,0,0,0
1531,82.63,18,2,10.7,0,0,0
1532,726.65,1,11,21.1,1,1,1
1533,43.62,13,2,9.5,0,1,0
1534,17.37,11,6,24.2,0,0,0
1535,1.27,10,1,0.3,0,1,0
1536,5.94,8,3,2.3,0,1,0
1537,18.95,0,4,11.6,0,1,0
1538,8.3,9,1,25.4,0,0,0
1539,26.24,21,3,6.9,1,0,0
1540,14.19,21,3,0.9,0,0,0
1541,99.25,15,1,21.1,0,0,0
1542,22.71,7,3,4.1,0,0,0
1543,39.05,10,3,24.6,0,0,0
1544,1.0,9,1,25.0,0,1,0
1545,10.19,17,3,2.2,0,1,0
1546,3.06,17,7,3.2,0,1,0
1547,6.76,8,2,1.8,0,0,0
1548,6.97,21,1,2.8,0,0,0
1549,36.94,14,0,16.2,0,0,0
1550,6.77,9,0,0.8,0,1,0
1551,8.56,13,2,12.3,0,0,0
1552,107.78,7,3,5.1,1,0,0
1553,17.63,17,2,5.6,0,0,0
1554,13.11,16,1,20.6,1,1,0
1555,29.66,18,1,1.3,0,1,0
1556,23.12,20,6,14.3,0,1,0
1557,16.21,14,6,34.2,0,1,0
1558,5.11,0,2,7.3,0,0,0
1559,209.26,17,5,4.9,0,0,0
1560,13.73,8,5,1.2,0,1,0
1561,42.61,11,4,1.7,0,0,0
1562,25.57,17,2,13.3,0,0,0
1563,2.64,15,5,10.6,0,0,0
1564,8.4,17,3,6.4,0,0,0
1565,40.32,14,2,5.1,0,1,0
1566,3.18,15,3,1.7,0,1,0
1567,9.87,8,1,3.1,0,1,0
1568,20.68,11,3,3.7,0,1,0
1569,79.56,22,2,21.3,0,1,0
1570,34.93,16,5,1.0,0,1,0
1571,85.46,7,3,14.6,0,0,0
1572,26.74,12,5,34.1,1,0,0
1573,32.4,12,2,13.6,1,0,0
1574,40.27,12,2,4.7,0,1,0
1575,94.94,13,3,3.9,0,1,0
1576,103.08,12,1,0.4,0,0,0
1577,850.09,21,6,72.3,1,1,1
1578,9.24,13,3,2.0,0,1,0
1579,324.87,5,16,20.8,1,1,1
1580,49.77,4,5,31.9,1,1,0
1581,27.62,19,3,1.5,0,0,0
1582,74.29,8,0,12.7,0,1,0
1583,57.95,19,3,6.3,0,0,0
1584,45.9,8,2,6.5,0,0,0
1585,8.15,10,1,1.3,0,0,0
1586,56.27,10,5,1.3,0,0,0
1587,1.0,8,5,2.9,0,1,0
1588,11.73,18,3,16.7,0,1,0
1589,34.61,15,5,1.2,0,1,0
1590,216.02,0,3,19.3,0,0,0
1591,91.7,15,4,0.1,0,0,0
1592,62.83,13,3,0.1,0,1,0
1593,9.68,18,4,15.0,0,0,0
1594,73.2,14,2,34.0,0,1,0
1595,165.56,20,0,0.1,0,0,0
1596,7.39,11,2,8.6,0,1,0
1597,31.96,1,1,16.8,0,0,0
1598,78.35,8,2,4.3,0,0,0
1599,81.17,9,3,4.8,0,1,0
1600,70.0,2,5,3.1,0,0,0
1601,55.58,10,2,8.4,1,0,0
1602,40.97,9,3,4.1,0,0,0
1603,81.94,22,3,11.8,0,0,0
1604,1.0,10,2,14.4,0,1,0
1605,1.52,17,2,21.6,1,0,0
1606,11.59,17,5,12.4,0,1,0
1607,86.6,19,3,6.6,0,0,0
1608,102.82,11,3,19.7,0,1,0
1609,111.79,20,1,2.5,0,1,0
1610,30.46,16,4,4.7,0,1,0
1611,132.5,21,1,3.2,0,1,0
1612,11.98,19,1,1.2,0,1,0
1613,40.28,21,1,6.4,0,1,0
1614,25.97,9,3,6.0,0,1,0
1615,45.15,15,1,1.5,0,1,0
1616,1.0,15,4,8.8,0,0,0
1617,75.7,17,3,3.8,0,0,0
1618,149.21,12,4,10.2,0,1,0
1619,57.09,9,2,8.8,0,1,0
1620,81.49,17,3,2.0,0,1,0
1621,14.84,8,2,2.5,0,0,0
1622,165.38,14,1,2.7,0,0,0
1623,41.99,4,3,1.2,0,0,0
1624,243.79,21,1,11.4,0,0,0
1625,49.56,10,5,2.1,0,0,0
1626,17.55,21,2,0.8,0,0,0
1627,246.74,10,4,4.2,0,0,0
1628,43.95,12,9,15.9,0,1,0
1629,21.28,14,5,4.0,0,1,0
1630,36.27,7,7,2.3,1,1,0
1631,1.11,18,2,7.3,1,0,0
1632,31.14,10,4,10.0,0,1,0
1633,33.29,18,3,4.9,0,0,0
1634,48.53,14,5,3.4,0,0,0
1635,66.72,9,3,3.1,0,1,0
1636,60.91,16,3,2.9,0,1,0
1637,128.72,15,6,6.0,0,1,0
1638,107.56,18,4,4.0,0,0,0
1639,190.94,18,5,6.7,0,0,0
1640,38.23,3,4,9.2,1,0,0
1641,18.83,8,3,3.4,0,0,0
1642,5.95,10,2,2.1,0,0,0
1643,1.03,14,2,19.0,0,0,0
1644,50.29,17,5,18.0,0,0,0
1645,50.69,18,1,3.4,0,1,0
1646,149.23,15,4,0.5,0,0,0
1647,24.28,17,6,19.2,0,1,0
1648,104.31,13,4,5.4,0,0,0
1649,60.8,10,3,3.5,0,0,0
1650,7.37,12,6,9.9,0,1,0
1651,104.65,17,0,14.1,0,1,0
1652,15.02,16,2,19.9,0,0,0
1653,16.33,17,3,9.5,0,0,0
1654,29.0,6,0,3.0,0,1,0
1655,255.47,16,3,24.3,0,0,0
1656,101.48,15,1,9.6,0,1,0
1657,39.68,14,4,24.9,0,0,0
1658,6.4,12,0,7.7,0,0,0
1659,197.23,14,5,11.8,0,1,0
1660,5.7,11,5,0.7,0,1,0
1661,53.04,13,3,0.6,0,0,0
1662,58.03,16,4,1.9,0,1,0
1663,25.81,10,2,36.9,0,1,0
1664,215.91,12,3,12.2,0,0,0
1665,150.16,8,2,13.0,0,1,0
1666,33.32,11,2,0.2,0,1,0
1667,18.97,7,0,15.0,0,1,0
1668,7.99,16,1,7.4,0,1,0
1669,137.44,8,3,5.1,1,0,0
1670,128.36,8,2,4.4,0,1,0
1671,59.34,9,4,2.2,0,0,0
1672,135.97,13,2,2.6,0,0,0
1673,29.86,16,4,11.5,0,0,0
1674,19.27,14,1,1.5,0,1,0
1675,196.93,14,6,7.7,0,0,0
1676,4.23,6,6,13.6,0,0,0
1677,54.17,16,2,0.3,0,1,0
1678,54.5,8,0,2.6,0,0,0
1679,52.54,18,5,29.0,0,1,0
1680,117.94,11,1,13.4,0,0,0
1681,166.52,14,3,1.8,0,1,0
1682,36.25,11,1,15.6,0,1,0
1683,17.3,12,3,2.5,0,0,0
1684,161.5,19,1,2.2,0,0,0
1685,54.71,16,5,8.9,0,0,0
1686,2.35,3,4,15.3,0,1,0
1687,176.32,22,4,1.4,0,1,0
1688,17.41,21,4,15.6,0,0,0
1689,135.71,9,2,7.1,0,0,0
1690,60.79,11,2,0.5,0,0,0
1691,6.36,12,4,1.1,0,1,0
1692,146.95,17,5,0.8,0,1,0
1693,66.16,8,4,7.4,0,1,0
1694,31.28,19,1,8.7,0,0,0
1695,140.52,7,3,0.8,0,1,0
1696,31.39,6,2,14.7,0,1,0
1697,19.64,14,0,2.4,0,1,0
1698,30.51,11,1,2.0,0,1,0
1699,7.61,18,3,3.4,0,1,0
1700,54.44,15,2,17.4,0,1,0
1701,20.09,17,3,0.6,0,1,0
1702,12.67,12,3,4.8,0,0,0
1703,54.51,17,0,2.4,0,1,0
1704,12.97,17,3,6.8,0,1,0
1705,38.09,6,5,3.4,0,0,0
1706,7.4,12,2,21.2,0,0,0
1707,268.44,11,4,0.8,0,0,0
1708,48.85,17,5,17.8,0,1,0
1709,29.19,13,4,2.4,0,1,0
1710,51.24,13,3,10.3,0,0,0
1711,91.45,14,9,3.6,0,0,0
1712,4.13,7,2,8.0,0,1,0
1713,20.52,15,1,11.0,0,0,0
1714,34.55,9,0,5.2,0,1,0
1715,91.12,15,4,1.9,0,0,0
1716,2.77,10,2,5.0,0,1,0
1717,37.79,19,1,10.8,0,1,0
1718,10.78,17,4,7.8,0,1,0
1719,55.39,9,2,0.5,0,1,0
1720,17.6,8,3,7.5,0,0,0
1721,24.6,13,1,4.4,0,0,0
1722,91.62,12,8,5.6,0,1,0
1723,78.8,12,3,4.2,0,1,0
1724,79.26,16,1,19.4,0,0,0
1725,181.4,6,2,0.7,0,1,0
1726,68.68,9,4,14.1,0,0,0
1727,13.14,18,2,6.1,0,1,0
1728,88.92,21,6,4.3,0,0,0
1729,501.19,15,9,59.7,0,1,1
1730,79.32,18,3,0.2,0,1,0
1731,2.03,7,2,27.5,1,1,0
1732,24.11,17,4,26.6,0,1,0
1733,13.67,20,2,4.3,0,0,0
1734,7.58,12,2,14.0,1,0,0
1735,50.14,19,3,1.9,0,1,0
1736,62.98,10,3,0.7,0,1,0
1737,70.81,8,6,3.2,0,0,0
1738,148.36,19,4,37.2,0,1,0
1739,38.73,12,2,2.8,0,0,0
1740,40.74,13,3,0.9,0,1,0
1741,85.52,18,6,10.0,0,0,0
1742,102.96,22,3,9.7,0,0,0
1743,70.55,15,6,7.5,0,0,0
1744,28.58,17,2,0.2,0,1,0
1745,32.29,8,1,4.8,0,0,0
1746,83.97,13,2,4.2,0,0,0
1747,85.02,17,4,2.9,0,0,0
1748,230.1,16,3,8.2,0,0,0
1749,60.53,15,3,10.0,0,0,0
1750,8.17,8,1,3.1,0,0,0
1751,31.13,20,1,0.0,0,0,0
1752,136.47,9,3,4.4,1,0,0
1753,16.3,4,1,1.5,0,0,0
1754,5.86,16,3,4.5,0,1,0
1755,34.15,17,3,17.4,1,1,0
1756,2.01,12,5,11.2,0,0,0
1757,61.92,13,3,1.5,0,1,0
1758,72.51,11,3,9.8,0,1,0
1759,14.19,21,3,7.4,0,0,0
1760,2.06,17,1,0.1,0,1,0
1761,42.25,9,1,6.4,0,0,0
1762,5.23,10,0,28.1,0,0,0
1763,2.67,16,7,9.3,1,1,0
1764,9.5,9,3,8.7,0,1,0
1765,6.51,22,2,2.3,0,0,0
1766,4.09,17,3,7.9,0,1,0
1767,264.19,13,4,2.2,0,0,0
1768,35.21,13,6,5.7,1,1,0
1769,1.0,16,6,11.6,0,0,0
1770,65.53,13,3,2.2,0,0,0
1771,35.18,10,2,0.5,1,0,0
1772,67.57,10,4,3.7,0,0,0
1773,29.85,16,0,23.0,0,0,0
1774,284.25,14,3,5.3,0,1,0
1775,2.01,17,2,5.9,0,1,0
1776,25.22,16,2,1.2,0,0,0
1777,105.02,7,5,4.0,0,1,0
1778,16.34,16,5,0.9,0,1,0
1779,86.15,6,4,1.0,0,0,0
1780,17.97,8,2,1.0,0,0,0
1781,6.41,14,5,5.6,0,1,0
1782,1.0,9,4,22.1,0,1,0
1783,8.68,2,5,4.2,0,0,0
1784,38.36,14,3,6.7,0,0,0
1785,25.07,15,5,2.4,0,0,0
1786,25.21,15,4,18.2,0,0,0
1787,32.67,10,4,3.8,0,1,0
1788,82.54,9,4,21.9,0,1,0
1789,96.24,15,3,14.6,0,0,0
1790,1.0,8,2,8.0,0,1,0
1791,57.2,10,4,0.4,1,1,0
1792,161.03,15,2,2.2,0,1,0
1793,11.65,15,4,3.0,0,1,0
1794,7.42,10,1,4.6,0,1,0
1795,133.6,9,1,7.5,1,0,0
1796,40.63,16,1,8.6,0,1,0
1797,33.02,8,2,2.2,0,0,0
1798,18.2,10,4,0.8,0,0,0
1799,21.27,17,2,15.6,0,0,0
1800,134.47,9,3,17.9,0,0,0
1801,29.08,17,2,1.3,0,0,0
1802,112.3,18,2,14.3,0,0,0
1803,18.96,9,2,5.7,0,1,0
1804,2.9,12,6,14.1,0,0,0
1805,85.3,16,1,0.1,0,0,0
1806,22.58,19,2,7.4,0,0,0
1807,166.91,16,8,1.0,0,0,0
1808,67.94,17,2,1.3,0,0,0
1809,50.29,10,3,6.4,0,0,0
1810,47.26,8,3,2.8,0,0,0
1811,13.71,12,7,6.1,0,0,0
1812,92.73,20,3,2.5,0,0,0
1813,88.14,13,3,8.5,0,0,0
1814,44.48,19,3,8.8,0,0,0
1815,205.33,8,3,1.2,0,1,0
1816,1.0,10,2,3.8,0,1,0
1817,1.85,12,2,1.6,0,0,0
1818,55.04,11,5,26.3,0,1,0
1819,72.86,15,1,6.1,0,0,0
1820,90.11,3,7,23.1,0,1,0
1821,129.5,21,5,15.7,0,1,0
1822,63.31,7,2,4.3,0,0,0
1823,94.26,12,1,2.4,0,1,0
1824,40.59,10,4,10.5,0,1,0
1825,59.89,16,1,4.0,0,1,0
1826,9.09,21,5,14.2,0,0,0
1827,127.59,11,1,26.8,0,0,0
1828,8.45,10,3,23.6,0,0,0
1829,115.28,9,5,0.7,0,1,0
1830,126.51,21,2,21.7,0,0,0
1831,147.29,21,4,3.0,0,0,0
1832,118.13,7,4,0.1,0,1,0
1833,85.31,21,3,9.0,0,0,0
1834,196.32,15,3,1.6,0,0,0
1835,11.02,9,3,0.6,1,0,0
1836,16.12,22,4,1.4,0,1,0
1837,1.8,12,6,3.5,0,0,0
1838,6.45,13,2,3.5,0,0,0
1839,149.01,10,4,6.6,0,0,0
1840,89.07,10,0,3.2,0,1,0
1841,19.05,10,6,0.3,0,0,0
1842,74.22,20,1,2.8,0,0,0
1843,121.93,15,4,1.5,1,1,0
1844,31.6,9,2,3.7,1,0,0
1845,53.92,21,1,13.2,0,0,0
1846,44.58,13,3,11.6,0,1,0
1847,35.46,8,5,2.5,0,1,0
1848,92.68,13,3,8.0,0,0,0
1849,59.07,10,3,13.5,0,0,0
1850,13.85,15,5,12.7,0,0,0
1851,62.52,19,4,25.8,0,1,0
1852,87.29,16,4,13.7,1,1,0
1853,8.19,14,1,6.0,0,1,0
1854,29.04,17,3,7.1,0,1,0
1855,11.74,21,8,19.9,0,1,0
1856,150.64,17,4,11.3,0,1,0
1857,12.47,11,0,11.7,0,0,0
1858,59.73,2,1,7.7,0,0,0
1859,83.95,13,2,3.4,0,1,0
1860,96.97,12,1,0.5,0,1,0
1861,10.61,16,1,8.8,0,0,0
1862,71.67,11,5,10.3,0,1,0
1863,272.24,16,4,25.1,0,0,0
1864,17.15,6,6,4.1,0,1,0
1865,44.81,21,7,3.1,1,1,0
1866,154.94,9,0,5.8,0,0,0
1867,35.44,0,1,2.9,0,1,0
1868,65.77,9,5,8.7,0,0,0
1869,20.77,11,5,3.6,0,0,0
1870,40.77,11,3,26.1,0,0,0
1871,313.4,15,3,6.2,0,0,0
1872,40.63,13,2,13.7,0,0,0
1873,55.77,12,0,16.7,0,0,0
1874,112.15,17,2,0.3,0,0,0
1875,62.39,7,1,10.8,0,0,0
1876,180.05,14,4,14.1,0,0,0
1877,32.72,11,2,2.3,1,0,0
1878,75.34,16,4,1.3,0,0,0
1879,63.7,8,2,14.5,0,1,0
1880,25.67,10,4,3.6,0,0,0
1881,77.78,16,1,3.1,0,0,0
1882,174.19,16,4,18.8,0,0,0
1883,1.0,20,2,0.6,0,0,0
1884,29.2,15,3,5.2,0,0,0
1885,1.71,9,3,5.1,0,0,0
1886,218.21,9,5,14.4,0,1,0
1887,75.2,17,1,17.5,0,0,0
1888,6.13,14,0,2.7,0,0,0
1889,180.09,7,1,20.2,0,0,0
1890,55.68,16,2,4.7,0,0,0
1891,41.86,9,5,5.3,0,1,0
1892,4.58,8,2,27.3,0,0,0
1893,60.64,14,2,3.1,0,0,0
1894,52.64,12,3,3.3,0,0,0
1895,6.5,10,2,11.8,0,0,0
1896,270.78,12,2,9.1,0,0,0
1897,27.32,16,2,9.9,0,0,0
1898,43.4,18,4,8.2,0,1,0
1899,103.04,15,6,3.8,0,0,0
1900,33.01,12,1,10.7,0,1,0
1901,54.51,23,1,34.6,0,1,0
1902,16.47,5,2,2.8,0,0,0
1903,12.43,12,2,3.0,0,0,0
1904,16.7,9,0,2.9,0,1,0
1905,95.02,8,2,3.8,0,0,0
1906,29.07,17,4,19.6,0,0,0
1907,65.91,17,2,7.0,0,1,0
1908,17.37,22,1,4.7,0,1,0
1909,6.93,9,1,5.0,0,1,0
1910,181.2,10,1,12.4,0,0,0
1911,158.42,13,4,3.5,0,0,0
1912,42.77,7,1,5.9,0,1,0
1913,69.92,10,5,7.7,0,1,0
1914,88.51,9,2,1.4,0,1,0
1915,20.91,22,2,3.0,0,1,0
1916,26.53,8,2,4.3,0,1,0
1917,4.83,20,7,0.5,0,0,0
1918,107.82,10,6,30.2,0,1,0
1919,19.79,17,4,4.4,0,0,0
1920,67.51,17,1,1.6,0,0,0
1921,19.2,11,3,1.7,0,0,0
1922,58.27,14,2,18.1,0,0,0
1923,18.36,12,1,8.4,0,1,0
1924,39.3,20,2,8.8,0,1,0
1925,80.45,17,2,1.1,0,0,0
1926,129.48,4,3,0.7,0,1,0
1927,3.2,1,2,23.0,0,1,0
1928,151.6,18,3,0.2,0,0,0
1929,35.07,8,4,4.0,0,1,0
1930,14.96,17,2,0.6,0,1,0
1931,73.15,14,5,7.4,0,1,0
1932,764.85,1,11,51.3,0,1,1
1933,1.0,16,3,9.7,0,0,0
1934,65.58,14,4,6.7,1,1,0
1935,56.03,15,3,5.1,0,0,0
1936,43.74,19,2,7.1,0,0,0
1937,81.26,13,2,8.0,0,1,0
1938,113.74,17,2,10.7,0,0,0
1939,57.21,15,6,2.7,1,0,0
1940,54.15,17,4,2.6,0,0,0
1941,18.42,8,0,3.5,0,0,0
1942,50.99,13,2,13.7,0,1,0
1943,49.79,18,3,12.4,0,1,0
1944,6.35,17,0,13.2,0,1,0
1945,56.62,8,7,9.0,0,0,0
1946,28.63,11,1,9.4,0,0,0
1947,13.39,13,4,17.6,0,0,0
1948,16.37,5,3,1.0,0,1,0
1949,73.06,9,4,10.7,0,1,0
1950,69.29,11,1,9.6,0,0,0
1951,63.15,18,7,36.1,0,1,0
1952,21.53,14,2,6.8,0,1,0
1953,65.03,8,5,19.6,0,0,0
1954,88.02,21,1,6.1,0,0,0
1955,105.5,11,4,13.9,0,1,0
1956,10.35,14,2,9.0,0,0,0
1957,36.12,16,4,15.2,0,1,0
1958,18.28,3,1,3.5,0,0,0
1959,45.41,14,2,2.4,0,0,0
1960,38.13,10,6,4.2,0,0,0
1961,49.78,7,1,11.4,0,0,0
1962,12.87,8,1,2.5,0,1,0
1963,16.41,10,5,11.7,0,0,0
1964,193.04,13,3,25.5,0,0,0
1965,24.06,13,2,12.1,0,1,0
1966,53.31,16,4,3.0,0,1,0
1967,144.63,13,2,3.3,0,0,0
1968,8.15,11,4,4.1,0,0,0
1969,15.33,10,1,3.4,0,0,0
1970,1.04,22,1,1.8,0,0,0
1971,89.76,10,4,0.9,0,1,0
1972,30.89,13,1,13.2,0,0,0
1973,4.29,20,0,20.5,0,0,0
1974,92.83,10,1,8.4,0,1,0
1975,51.74,18,4,0.8,0,0,0
1976,64.28,11,1,2.0,0,1,0
1977,13.31,19,1,13.8,0,1,0
1978,48.06,14,4,0.5,0,0,0
1979,18.3,17,3,1.0,0,0,0
1980,105.11,8,3,0.1,0,1,0
1981,13.38,9,1,11.0,0,0,0
1982,118.79,17,6,8.3,0,0,0
1983,31.01,18,4,13.4,0,0,0
1984,38.11,10,4,31.5,0,0,0
1985,80.31,15,0,0.5,0,1,0
1986,112.07,7,1,22.7,0,1,0
1987,25.26,8,4,38.6,0,0,0
1988,2.28,10,1,12.7,0,0,0
1989,62.9,12,2,0.7,0,0,0
1990,78.09,18,1,8.2,0,0,0
1991,31.61,2,4,2.7,0,1,0
1992,62.68,8,2,0.8,0,0,0
1993,3.01,13,10,11.1,1,0,0
1994,103.69,9,0,4.1,0,1,0
1995,39.11,17,4,28.7,0,0,0
1996,77.28,9,4,0.2,0,0,0
1997,1.0,9,3,14.8,0,0,0
1998,1.0,12,1,0.8,0,0,0
1999,57.59,15,3,4.0,0,0,0
2000,150.13,7,5,2.3,0,0,0
2001,8.4,14,5,12.3,0,1,0
2002,8.6,16,2,8.4,0,1,0
2003,24.17,15,3,5.2,0,0,0
2004,62.54,15,5,1.9,0,0,0
2005,23.77,9,3,11.7,0,1,0
2006,143.17,12,3,28.2,0,0,0
2007,9.01,18,1,3.6,0,1,0
2008,37.8,7,4,1.0,1,0,0
2009,8.18,10,5,8.1,0,0,0
2010,184.51,8,5,11.5,0,0,0
2011,18.99,15,3,34.0,0,0,0
2012,63.72,23,7,25.5,0,1,1
2013,81.9,4,1,2.6,0,0,0
2014,58.96,18,3,3.9,0,0,0
2015,5.32,18,5,13.8,0,0,0
2016,35.8,9,3,6.0,0,1,0
2017,151.58,14,6,5.0,0,1,0
2018,186.71,23,1,4.3,0,1,0
2019,27.54,9,1,5.6,0,1,0
2020,6.99,8,1,1.6,0,1,0
2021,41.84,10,4,2.8,0,1,0
2022,2.44,18,2,0.0,0,0,0
2023,75.81,15,2,13.4,0,1,0
2024,61.92,20,2,2.3,0,1,0
2025,65.09,12,3,0.3,0,1,0
2026,7.45,15,4,5.2,0,0,0
2027,10.54,20,2,4.3,1,0,0
2028,54.55,11,2,7.2,0,1,0
2029,6.55,17,7,4.1,0,0,0
2030,118.94,17,3,2.6,0,0,0
2031,19.13,11,3,0.4,0,0,0
2032,117.86,14,2,5.2,0,1,0
2033,42.4,15,3,2.0,0,1,0
2034,39.8,13,5,15.2,0,0,0
2035,67.56,19,3,4.3,0,0,0
2036,55.26,11,8,22.4,1,0,0
2037,22.69,13,4,0.1,1,1,0
2038,67.7,4,6,31.6,1,1,1
2039,81.7,0,2,8.8,0,0,0
2040,121.6,14,8,4.8,0,0,0
2041,48.0,21,2,1.7,0,0,0
2042,42.78,12,2,18.8,0,0,0
2043,5.59,18,3,34.0,1,1,0
2044,50.63,19,2,2.0,0,1,0
2045,99.8,1,1,6.0,0,1,0
2046,34.37,13,3,6.2,0,0,0
2047,14.69,12,1,10.6,0,1,0
2048,5.08,13,4,15.8,0,1,0
2049,5.5,22,4,9.7,0,0,0
2050,53.49,20,3,13.3,0,1,0
2051,30.97,13,2,14.5,0,0,0
2052,41.02,11,4,2.1,0,0,0
2053,71.72,15,5,6.3,0,0,0
2054,60.56,15,3,2.5,0,0,0
2055,2.37,19,5,7.7,0,0,0
2056,18.89,17,1,7.3,0,0,0
2057,84.34,12,6,16.9,0,1,0
2058,1.18,21,3,3.3,0,1,0
2059,6.86,9,2,4.2,0,0,0
2060,71.03,6,1,30.1,0,0,0
2061,69.29,18,4,1.4,0,1,0
2062,238.17,9,4,12.4,0,1,0
2063,137.39,12,4,0.6,0,1,0
2064,80.47,13,5,10.6,0,0,0
2065,22.8,9,6,1.0,0,1,0
2066,224.55,3,2,22.0,0,0,0
2067,123.67,16,7,9.5,0,1,0
2068,11.76,9,4,6.0,0,1,0
2069,113.88,17,3,1.1,0,0,0
2070,2.72,8,2,9.9,0,1,0
2071,80.64,9,5,8.5,0,1,0
2072,4.76,12,5,8.3,0,0,0
2073,75.19,21,5,7.7,0,1,0
2074,86.44,20,5,8.2,0,0,0
2075,54.68,17,6,2.9,0,0,0
2076,7.06,21,2,4.3,0,1,0
2077,14.06,20,4,4.5,0,0,0
2078,56.6,7,1,3.4,0,1,0
2079,7.66,20,3,1.8,0,0,0
2080,41.01,12,5,3.2,0,1,0
2081,49.07,17,6,18.2,0,1,0
2082,130.65,12,3,4.4,1,0,0
2083,8.75,10,1,7.9,0,1,0
2084,74.91,19,4,11.5,0,0,0
2085,54.65,11,6,7.3,0,0,0
2086,51.29,5,1,2.2,0,0,0
2087,63.81,14,1,12.1,0,0,0
2088,61.04,15,2,3.7,0,1,0
2089,674.48,5,10,10.9,0,1,1
2090,20.76,10,2,1.8,0,1,0
2091,7.51,8,2,1.9,0,0,0
2092,13.64,10,8,9.4,0,1,0
2093,16.78,12,4,16.8,0,0,0
2094,181.02,9,3,1.9,0,0,0
2095,167.14,15,8,15.6,0,0,0
2096,27.59,8,3,2.2,0,0,0
2097,255.34,10,5,7.5,0,1,0
2098,79.66,14,2,21.7,0,0,0
2099,71.88,16,3,1.3,0,0,0
2100,3.17,9,0,1.8,0,1,0
2101,47.98,2,5,2.8,0,1,0
2102,27.52,16,3,15.0,0,1,0
2103,62.98,18,1,0.9,0,1,0
2104,195.87,15,3,4.8,0,1,0
2105,117.26,19,3,31.9,0,0,0
2106,8.98,10,3,4.2,0,1,0
2107,9.05,11,3,20.9,0,0,0
2108,56.96,10,6,2.3,0,0,0
2109,27.21,15,2,6.7,0,1,0
2110,14.2,19,4,3.3,0,0,0
2111,145.92,16,3,2.5,0,0,0
2112,20.91,20,5,7.5,0,0,0
2113,25.4,21,3,12.9,0,1,0
2114,57.61,21,2,27.8,0,1,0
2115,23.0,8,1,0.3,0,0,0
2116,54.64,12,8,4.7,0,1,0
2117,77.94,12,4,16.6,0,1,0
2118,82.39,6,1,3.2,0,1,0
2119,33.17,20,5,23.1,1,1,0
2120,8.74,14,5,22.3,0,0,0
2121,116.21,14,2,13.5,0,0,0
2122,68.3,17,4,4.3,0,1,0
2123,15.27,20,2,2.8,0,0,0
2124,69.27,18,3,0.7,0,1,0
2125,97.79,15,4,5.5,0,0,0
2126,70.83,4,5,3.6,0,1,0
2127,17.81,9,4,10.4,0,0,0
2128,14.37,14,3,7.1,0,0,0
2129,4.45,11,6,0.6,0,0,0
2130,3.64,19,2,27.8,0,1,0
2131,13.38,23,4,13.7,0,1,0
2132,60.66,8,0,7.3,0,1,0
2133,92.23,9,1,7.9,0,1,0
2134,104.43,16,3,8.2,0,1,0
2135,153.38,11,1,15.3,0,0,0
2136,20.46,7,0,12.6,0,0,0
2137,43.37,14,1,7.7,0,0,0
2138,11.08,18,2,17.9,0,0,0
2139,8.35,12,2,3.7,0,0,0
2140,43.56,20,4,24.6,0,0,0
2141,1.67,16,4,8.1,0,0,0
2142,29.83,13,1,1.0,0,1,0
2143,27.6,5,4,1.3,0,0,0
2144,13.0,9,4,5.7,1,0,0
2145,1.0,10,4,3.0,0,1,0
2146,84.75,15,0,12.6,0,1,0
2147,6.73,14,6,0.3,0,1,0
2148,214.82,16,4,20.2,0,0,0
2149,128.72,17,2,5.4,1,1,0
2150,4.97,9,6,2.1,0,0,0
2151,31.3,23,3,11.5,0,0,0
2152,37.64,14,6,6.9,0,0,0
2153,35.02,18,5,19.8,1,1,0
2154,13.77,12,2,8.4,0,1,0
2155,43.97,12,5,17.7,0,0,0
2156,31.58,19,1,2.2,1,0,0
2157,116.71,8,7,16.1,0,0,0
2158,86.7,4,5,12.5,0,0,0
2159,102.91,11,1,1.4,0,0,0
2160,14.56,14,2,18.7,0,0,0
2161,4.18,14,4,16.9,0,1,0
2162,86.92,3,2,13.6,0,1,0
2163,1.93,8,0,4.0,1,0,0
2164,7.96,10,7,3.1,0,0,0
2165,322.36,11,2,3.2,0,0,0
2166,54.41,14,2,16.6,0,0,0
2167,45.95,13,5,0.3,0,1,0
2168,15.19,19,1,1.9,0,0,0
2169,255.68,10,1,3.2,0,1,0
2170,113.61,14,2,2.1,0,1,0
2171,59.02,10,4,0.9,0,0,0
2172,165.05,7,2,3.0,0,0,0
2173,16.49,19,3,2.7,0,0,0
2174,104.25,13,5,17.5,0,1,0
2175,15.62,18,5,7.3,0,0,0
2176,21.23,7,3,3.3,0,0,0
2177,1.53,15,2,10.8,0,0,0
2178,12.8,17,1,1.7,0,1,0
2179,4.7,18,2,4.6,0,0,0
2180,10.26,20,3,10.1,0,1,0
2181,37.31,11,4,4.3,0,1,0
2182,43.82,5,2,10.5,1,0,0
2183,6.03,10,7,11.4,0,0,0
2184,72.2,13,4,3.9,0,0,0
2185,14.89,17,2,1.0,0,1,0
2186,19.65,10,3,4.6,0,1,0
2187,5.65,9,2,1.5,0,1,0
2188,11.53,17,4,6.5,0,0,0
2189,18.39,9,6,2.3,1,1,0
2190,22.0,14,4,5.7,0,0,0
2191,41.89,18,5,1.7,0,1,0
2192,19.81,5,5,0.7,0,1,0
2193,90.35,4,9,99.9,1,1,1
2194,5.66,19,4,12.8,0,0,0
2195,25.9,21,3,24.8,1,1,0
2196,53.15,20,6,9.0,0,0,0
2197,26.73,13,7,19.6,0,1,0
2198,53.74,16,3,3.7,0,1,0
2199,73.68,17,2,1.2,1,0,0
2200,15.82,15,2,1.5,0,0,0
2201,1176.19,21,11,284.2,1,1,1
2202,72.37,8,3,19.6,0,1,0
2203,53.16,16,2,8.8,0,1,0
2204,13.77,19,2,0.2,0,0,0
2205,41.51,10,5,13.8,0,0,0
2206,64.23,11,2,2.5,0,1,0
2207,20.81,16,4,15.3,0,0,0
2208,41.23,11,4,13.0,0,0,0
2209,37.53,9,2,16.3,0,0,0
2210,199.88,15,2,6.7,0,0,0
2211,14.87,8,1,5.6,0,1,0
2212,34.8,4,3,4.9,0,0,0
2213,39.72,9,3,21.8,0,1,0
2214,83.22,19,4,12.7,0,0,0
2215,8.42,6,5,4.0,0,1,0
2216,146.29,10,1,3.8,0,0,0
2217,151.97,19,0,4.7,0,0,0
2218,54.66,18,2,3.7,0,0,0
2219,37.74,15,4,1.8,0,1,0
2220,3.01,9,1,6.3,0,1,0
2221,57.61,5,3,9.9,0,1,0
2222,67.78,5,1,16.7,0,0,0
2223,19.41,13,2,5.6,0,0,0
2224,24.2,8,4,3.0,0,1,0
2225,30.48,15,2,0.5,0,1,0
2226,44.3,11,2,4.1,0,1,0
2227,7.79,8,3,9.9,0,1,0
2228,100.7,17,2,0.3,0,1,0
2229,123.49,13,3,1.7,0,0,0
2230,40.47,11,6,0.2,0,1,0
2231,110.9,21,5,0.9,0,0,0
2232,5.66,16,3,1.4,0,0,0
2233,41.81,14,3,11.0,0,0,0
2234,12.96,14,3,1.1,0,1,0
2235,14.45,8,3,7.1,0,1,0
2236,144.49,8,3,4.9,0,0,0
2237,34.84,9,2,9.1,0,1,0
2238,62.48,6,4,0.3,0,1,0
2239,91.29,11,2,4.3,0,0,0
2240,44.39,18,7,6.7,0,1,0
2241,81.23,12,4,8.1,0,0,0
2242,24.8,10,3,1.2,0,0,0
2243,2.92,8,4,10.0,0,0,0
2244,13.43,18,1,2.9,0,0,0
2245,307.01,9,5,3.0,0,1,0
2246,123.2,10,5,1.5,0,1,0
2247,2729.08,4,10,11.7,1,1,1
2248,10.48,11,0,7.5,0,1,0
2249,16.81,7,3,17.0,0,1,0
2250,26.08,17,0,1.6,0,1,0
2251,16.1,16,1,5.6,0,0,0
2252,22.61,16,5,13.1,0,1,0
2253,53.89,13,2,16.4,0,0,0
2254,160.32,3,3,3.8,0,1,0
2255,101.5,8,2,0.0,0,0,0
2256,20.46,16,1,12.6,0,1,0
2257,55.75,12,3,1.6,0,0,0
2258,111.12,8,4,6.9,0,1,0
2259,39.94,17,3,5.9,0,1,0
2260,4.49,2,5,1.9,0,0,0
2261,22.44,22,2,1.1,0,0,0
2262,100.75,12,2,10.3,0,1,0
2263,256.32,9,3,4.4,0,0,0
2264,3.39,18,3,8.2,0,1,0
2265,7.94,20,4,5.0,1,1,0
2266,4.52,2,3,0.3,0,1,0
2267,3.88,8,2,2.8,0,1,0
2268,2.66,5,2,1.9,1,0,0
2269,48.54,16,5,4.7,0,0,0
2270,65.64,9,5,1.7,0,0,0
2271,64.09,1,4,12.5,0,1,0
2272,19.24,11,3,0.9,0,1,0
2273,194.36,2,6,55.4,0,0,1
2274,32.32,10,4,7.4,0,1,0
2275,23.61,18,5,7.5,0,0,0
2276,74.44,7,4,9.8,1,1,0
2277,50.14,18,3,7.3,0,1,0
2278,480.6,1,13,170.0,1,0,1
2279,85.28,10,2,0.2,0,1,0
2280,65.95,13,3,5.6,0,0,0
2281,1.0,10,0,12.0,1,0,0
2282,5.28,18,4,0.4,0,0,0
2283,84.51,18,6,3.8,0,1,0
2284,66.27,9,1,11.8,1,0,0
2285,58.44,16,0,2.3,0,0,0
2286,6.91,15,4,7.4,0,0,0
2287,49.04,17,4,6.2,0,0,0
2288,99.21,20,1,2.9,0,1,0
2289,7.45,21,2,10.8,0,0,0
2290,90.08,5,5,22.2,0,0,0
2291,84.56,21,5,1.4,0,1,0
2292,6.05,10,2,9.5,0,0,0
2293,19.31,12,3,20.7,0,1,0
2294,17.95,18,1,2.1,0,1,0
2295,1094.84,22,10,117.5,1,1,1
2296,23.21,11,6,13.8,0,0,0
2297,36.51,8,4,0.1,0,0,0
2298,39.61,7,2,9.4,0,0,0
2299,105.55,19,4,43.5,0,0,0
2300,79.66,11,2,0.4,0,0,0
2301,23.88,6,2,4.8,0,1,0
2302,10.86,17,3,2.4,0,0,0
2303,57.81,11,2,6.9,0,0,0
2304,3.49,10,3,7.3,0,1,0
2305,31.22,14,2,18.4,0,1,0
2306,38.78,22,1,1.2,0,0,0
2307,78.36,7,4,0.3,0,1,0
2308,32.73,14,3,11.0,0,1,0
2309,1.0,7,4,11.9,0,0,0
2310,135.16,13,4,3.6,0,1,0
2311,24.66,20,3,1.0,0,1,0
2312,87.69,8,4,1.4,1,0,0
2313,5.13,18,3,2.9,0,0,0
2314,21.01,9,4,6.7,0,0,0
2315,32.38,1,2,5.8,0,0,0
2316,64.94,13,4,8.7,0,1,0
2317,46.28,12,2,3.2,0,0,0
2318,46.54,12,2,2.0,0,0,0
2319,183.91,10,2,6.7,0,0,0
2320,87.03,7,1,2.1,0,1,0
2321,214.74,5,0,0.0,0,0,0
2322,14.9,16,2,1.0,0,1,0
2323,39.72,18,5,2.5,0,0,0
2324,139.19,12,2,4.0,0,1,0
2325,18.63,9,10,0.1,0,0,0
2326,123.86,12,4,34.2,0,0,0
2327,95.9,20,0,14.9,0,0,0
2328,139.71,9,4,4.7,0,0,0
2329,86.45,19,3,3.4,0,0,0
2330,23.85,8,1,2.2,0,1,0
2331,53.5,22,1,7.7,0,0,0
2332,153.06,18,4,3.7,0,1,0
2333,31.11,14,4,10.8,0,0,0
2334,61.69,13,3,12.5,0,0,0
2335,841.42,22,12,76.9,1,1,1
2336,135.47,10,2,6.9,0,1,0
2337,42.08,18,3,1.3,0,1,0
2338,7.45,12,4,2.6,0,0,0
2339,1.0,8,1,23.9,0,0,0
2340,25.6,13,3,3.8,0,1,0
2341,83.36,13,1,4.3,0,0,0
2342,54.19,7,2,5.1,0,0,0
2343,107.48,6,1,3.2,0,1,0
2344,9.62,14,3,49.2,0,1,0
2345,29.65,8,1,10.7,0,0,0
2346,4.89,13,4,10.1,0,1,0
2347,5.49,6,5,2.5,0,0,0
2348,14.11,15,7,6.5,0,1,0
2349,106.01,12,3,9.9,0,0,0
2350,93.02,9,1,3.3,0,1,0
2351,36.84,12,5,0.2,0,1,0
2352,7.59,13,2,17.6,0,0,0
2353,47.15,17,0,8.4,0,1,0
2354,254.44,15,4,2.3,0,1,0
2355,159.36,17,3,0.1,0,0,0
2356,120.35,20,1,3.4,1,0,0
2357,37.34,12,0,16.7,0,0,0
2358,131.03,18,6,11.1,0,1,0
2359,2.41,22,4,28.8,0,1,0
2360,7.22,12,2,5.1,0,0,0
2361,46.42,10,1,0.8,0,1,0
2362,110.62,7,3,2.9,0,0,0
2363,6.65,11,4,12.8,1,0,0
2364,1.0,10,6,28.0,0,0,0
2365,11.07,8,4,1.9,0,1,0
2366,9.59,12,1,6.4,1,1,0
2367,55.08,22,3,2.0,0,0,0
2368,22.46,21,4,3.9,0,1,0
2369,27.91,17,6,4.3,0,1,0
2370,110.84,11,2,3.3,1,0,0
2371,49.84,15,3,2.4,0,0,0
2372,49.44,1,5,0.3,0,0,0
2373,68.4,19,3,0.3,0,0,0
2374,46.96,8,6,15.4,0,0,0
2375,441.49,12,2,8.4,0,0,0
2376,64.51,15,4,24.6,0,1,0
2377,17.9,11,2,20.1,0,1,0
2378,22.68,10,3,2.2,0,0,0
2379,188.8,12,5,2.7,0,0,0
2380,42.5,14,5,2.7,0,0,0
2381,110.42,20,7,0.5,0,0,0
2382,46.73,19,5,2.1,0,0,0
2383,4.22,8,3,5.9,0,1,0
2384,140.68,12,3,4.5,1,1,0
2385,21.6,19,2,5.0,0,0,0
2386,30.13,14,1,4.8,0,1,0
2387,78.9,14,4,10.0,0,1,0
2388,48.41,14,2,1.9,0,1,0
2389,29.66,18,4,3.6,0,0,0
2390,61.59,10,3,24.6,0,1,0
2391,114.47,17,0,24.5,0,0,0
2392,43.64,11,2,4.1,0,0,0
2393,33.97,20,2,1.7,0,0,0
2394,30.09,7,4,6.2,0,0,0
2395,11.4,10,3,1.0,1,0,0
2396,52.24,15,2,0.1,0,0,0
2397,74.83,10,2,4.2,0,0,0
2398,99.8,19,7,2.8,0,1,0
2399,169.55,9,4,9.3,0,0,0
2400,31.68,9,3,8.7,0,0,0
2401,148.79,16,2,15.0,0,1,0
2402,3.8,13,2,2.5,0,0,0
2403,45.84,11,3,14.7,0,0,0
2404,109.38,22,0,3.0,0,0,0
2405,42.19,15,2,2.9,0,0,0
2406,155.06,21,4,17.5,0,1,0
2407,16.35,18,3,9.1,0,0,0
2408,111.5,10,2,6.1,0,0,0
2409,8.27,14,2,3.9,0,0,0
2410,19.02,7,1,1.9,0,0,0
2411,33.56,6,3,21.7,0,0,0
2412,1.0,16,0,0.0,0,0,0
2413,12.74,18,5,1.8,0,1,0
2414,323.23,5,6,20.4,0,1,0
2415,30.7,12,6,0.9,0,1,0
2416,101.24,19,5,1.1,0,1,0
2417,63.57,15,4,0.5,0,0,0
2418,1.83,8,5,2.3,0,0,0
2419,24.24,0,4,2.8,0,1,0
2420,5.51,14,4,6.1,1,0,0
2421,32.69,18,2,4.8,0,0,0
2422,139.31,19,3,1.5,0,1,0
2423,29.22,10,4,0.6,0,1,0
2424,23.6,17,5,13.6,0,1,0
2425,119.92,16,2,30.4,0,1,0
2426,40.94,9,3,6.7,0,1,0
2427,14.88,9,5,13.5,0,1,0
2428,129.18,9,1,15.6,0,0,0
2429,14.51,21,6,0.4,0,1,0
2430,58.99,12,1,0.8,0,0,0
2431,34.07,14,2,6.5,0,1,0
2432,24.85,15,4,14.2,0,1,0
2433,3.26,20,4,0.8,0,0,0
2434,12.71,10,6,1.2,0,0,0
2435,87.81,12,0,0.6,0,0,0
2436,31.72,14,4,21.6,0,1,0
2437,104.89,17,3,20.6,0,0,0
2438,23.26,13,1,1.9,1,0,0
2439,73.85,7,1,8.3,0,1,0
2440,1554.97,0,7,61.3,1,1,1
2441,57.73,22,2,0.4,0,1,0
2442,23.96,18,1,12.8,0,1,0
2443,119.66,18,1,2.6,0,0,0
2444,9.47,19,0,1.0,0,1,0
2445,86.55,11,3,3.6,0,0,0
2446,125.85,10,3,21.7,0,0,0
2447,18.31,16,6,5.9,0,1,0
2448,14.15,8,1,3.8,0,0,0
2449,82.54,17,3,10.5,0,0,0
2450,89.84,16,2,2.3,0,1,0
2451,1.0,17,5,5.9,0,1,0
2452,60.18,18,5,8.8,0,0,0
2453,15.46,21,1,5.2,0,1,0
2454,15.8,13,4,2.5,0,0,0
2455,91.88,10,2,18.4,0,0,0
2456,10.7,18,5,5.4,1,0,0
2457,87.87,19,3,10.5,0,1,0
2458,74.31,9,2,3.5,0,0,0
2459,133.72,3,2,23.9,0,1,0
2460,15.78,9,3,11.1,0,0,0
2461,14.26,8,6,0.2,0,1,0
2462,10.71,8,4,25.4,0,1,0
2463,17.75,0,3,15.8,0,0,0
2464,25.34,9,3,16.0,0,1,0
2465,16.85,11,3,5.3,0,0,0
2466,37.38,17,2,3.3,0,0,0
2467,33.82,9,4,24.6,0,1,0
2468,24.91,17,3,4.0,0,1,0
2469,97.08,23,1,1.0,0,0,0
2470,154.7,17,4,10.7,0,1,0
2471,352.81,8,13,49.5,0,1,1
2472,62.38,7,2,2.9,0,0,0
2473,43.23,0,1,34.1,0,0,0
2474,29.38,15,2,1.4,0,1,0
2475,13.83,15,3,6.8,0,0,0
2476,66.23,17,1,23.6,0,1,0
2477,25.17,9,1,5.2,0,0,0
2478,17.46,15,3,1.4,0,0,0
2479,70.49,14,1,5.6,0,0,0
2480,63.03,17,2,13.6,0,0,0
2481,38.71,18,3,2.1,1,1,0
2482,157.66,11,4,5.4,0,1,0
2483,6.99,12,1,16.9,0,1,0
2484,19.69,11,1,7.4,0,1,0
2485,283.61,12,1,0.2,0,1,0
2486,36.48,5,3,9.3,0,0,0
2487,22.79,12,5,6.8,0,0,0
2488,15.52,19,3,10.7,0,1,0
2489,14.4,10,4,0.6,0,1,0
2490,49.76,0,2,3.7,0,1,0
2491,5.2,20,2,2.6,0,0,0
2492,66.29,10,8,4.8,0,0,0
2493,33.49,1,1,1.9,0,0,0
2494,217.49,21,1,8.5,0,0,0
2495,86.2,9,3,3.9,1,1,0
2496,14.13,10,1,8.8,0,0,0
2497,114.82,18,8,18.6,0,1,0
2498,24.78,15,1,1.5,0,1,0
2499,24.34,14,6,22.2,0,0,0
2500,88.98,19,10,117.4,0,1,1
2501,174.6,12,4,15.0,0,1,0
2502,10.8,17,3,2.3,0,0,0
2503,1.25,15,5,0.4,0,0,0
2504,196.64,16,3,3.2,0,0,0
2505,96.41,14,7,0.8,0,0,0
2506,119.64,4,5,0.4,0,1,0
2507,11.02,14,1,5.1,0,0,0
2508,112.58,11,1,4.7,0,0,0
2509,68.09,18,1,6.8,0,1,0
2510,37.55,3,2,4.8,0,0,0
2511,27.71,15,1,25.1,0,0,0
2512,85.68,14,2,8.6,0,1,0
2513,20.07,10,2,7.6,0,1,0
2514,1.69,18,0,8.8,0,0,0
2515,44.92,8,6,5.0,0,0,0
2516,3.35,17,2,4.7,0,1,0
2517,33.43,7,1,1.1,0,0,0
2518,1.89,7,2,13.9,0,1,0
2519,15.91,12,6,3.2,0,0,0
2520,54.55,20,7,0.5,0,0,0
2521,11.56,8,5,17.9,0,0,0
2522,13.49,18,4,9.2,0,0,0
2523,267.04,20,2,6.4,0,0,0
2524,114.8,5,10,3.9,0,0,0
2525,26.43,17,3,31.3,0,1,0
2526,111.32,2,4,17.1,0,0,0
2527,182.95,17,6,27.4,0,1,0
2528,74.0,9,3,2.8,0,1,0
2529,41.73,18,4,8.9,0,0,0
2530,31.77,15,0,0.6,0,0,0
2531,56.65,16,2,3.8,0,1,0
2532,19.46,10,7,19.4,0,0,0
2533,54.32,15,2,1.4,0,0,0
2534,1.0,8,2,6.3,0,1,0
2535,6.94,14,2,8.4,1,0,0
2536,35.79,11,2,5.2,0,1,0
2537,41.43,13,2,2.5,0,1,0
2538,119.69,6,3,7.6,0,1,0
2539,4.38,7,2,8.2,0,0,0
2540,10.87,9,2,3.2,0,1,0
2541,56.91,4,3,1.2,0,1,0
2542,64.35,9,4,3.8,0,1,0
2543,5.41,2,1,20.3,0,1,0
2544,126.15,18,5,5.6,0,0,0
2545,6.7,16,1,7.5,0,0,0
2546,111.51,17,4,6.8,0,1,0
2547,74.19,11,3,19.1,0,1,0
2548,58.4,11,2,8.1,1,0,0
2549,86.6,16,5,0.7,0,0,0
2550,43.97,8,2,3.4,0,0,0
2551,10.32,12,2,0.9,0,1,0
2552,66.17,15,3,3.7,0,1,0
2553,40.44,9,2,10.2,0,1,0
2554,184.97,3,10,60.5,1,1,1
2555,146.72,12,1,22.3,1,1,0
2556,116.7,7,1,1.9,0,0,0
2557,78.6,22,4,28.0,1,1,0
2558,119.77,5,4,12.0,0,0,0
2559,136.05,19,5,10.4,0,1,0
2560,1.0,8,6,2.0,0,1,0
2561,271.94,23,5,4.3,0,1,0
2562,95.8,18,3,1.7,0,0,0
2563,128.34,11,3,2.1,0,1,0
2564,7.12,3,1,12.6,0,0,0
2565,22.31,22,2,18.4,0,1,0
2566,104.97,13,2,3.0,0,1,0
2567,80.75,14,3,21.4,0,0,0
2568,31.62,23,4,0.9,1,0,0
2569,11.39,11,1,22.6,1,1,0
2570,5.8,21,1,8.7,1,0,0
2571,34.51,9,2,1.8,0,1,0
2572,76.09,1,2,1.1,0,0,0
2573,15.81,9,5,5.8,0,1,0
2574,103.81,16,3,2.2,0,0,0
2575,103.39,8,2,1.1,0,1,0
2576,27.13,16,4,32.0,0,0,0
2577,123.03,15,3,3.3,0,1,0
2578,118.71,13,5,8.4,0,1,0
2579,1.0,13,4,3.7,0,0,0
2580,53.34,13,0,5.3,0,0,0
2581,13.68,9,4,2.3,0,0,0
2582,43.67,10,2,6.3,0,1,0
2583,39.85,7,4,14.1,0,0,0
2584,421.64,7,10,91.9,1,1,1
2585,277.76,14,5,6.9,0,0,0
2586,177.98,11,4,9.2,0,0,0
2587,65.75,10,3,3.8,0,1,0
2588,14.93,14,2,10.2,0,0,0
2589,97.83,5,4,6.6,0,0,0
2590,15.07,6,5,10.9,0,0,0
2591,146.96,19,3,30.2,0,1,0
2592,38.45,19,2,4.9,0,1,0
2593,41.0,4,2,0.8,0,0,0
2594,91.87,17,2,22.2,0,1,0
2595,5.83,8,1,11.6,0,0,0
2596,14.82,9,5,4.2,0,0,0
2597,16.55,20,4,7.9,0,1,0
2598,22.15,13,2,4.6,0,0,0
2599,113.91,21,1,6.2,0,0,0
2600,47.34,6,1,7.8,1,1,0
2601,12.23,19,1,3.0,1,0,0
2602,45.2,13,3,8.9,0,1,0
2603,99.08,7,3,5.7,0,0,0
2604,100.57,14,2,2.0,0,1,0
2605,8.9,11,2,2.9,0,0,0
2606,54.38,18,3,1.5,0,0,0
2607,3.57,10,2,14.9,0,0,0
2608,23.24,23,1,0.6,0,0,0
2609,12.09,8,1,7.6,0,0,0
2610,182.86,15,2,1.9,0,0,0
2611,11.89,17,4,0.7,0,0,0
2612,6.2,11,2,17.1,0,0,0
2613,17.42,19,4,2.0,0,0,0
2614,28.11,13,4,14.0,0,1,0
2615,1.0,8,3,7.7,0,0,0
2616,1.11,18,0,1.1,0,1,0
2617,21.94,15,3,23.5,0,0,0
2618,24.06,18,2,9.8,0,0,0
2619,22.22,22,1,10.5,0,1,0
2620,92.45,20,3,24.4,0,0,0
2621,11.42,16,5,3.7,0,1,0
2622,66.22,11,1,7.5,0,0,0
2623,24.06,7,3,5.2,0,1,0
2624,130.35,11,3,16.4,0,1,0
2625,75.47,4,4,16.3,0,1,0
2626,33.34,16,4,3.6,0,1,0
2627,1.0,13,4,7.0,0,1,0
2628,48.82,18,5,3.6,0,0,0
2629,19.99,12,2,22.2,0,1,0
2630,25.58,8,2,0.0,0,1,0
2631,1.61,19,2,16.0,0,0,0
2632,91.29,17,2,0.7,0,1,0
2633,113.14,12,5,9.0,1,0,0
2634,87.81,1,4,8.6,1,0,0
2635,36.73,15,5,3.0,0,0,0
2636,106.73,16,1,7.9,0,1,0
2637,46.97,9,5,1.0,0,0,0
2638,13.09,20,3,12.4,0,0,0
2639,13.42,13,2,26.5,0,0,0
2640,77.38,16,3,1.7,0,1,0
2641,94.6,11,4,2.0,0,0,0
2642,2.32,6,3,18.8,0,1,0
2643,27.57,14,2,19.0,0,1,0
2644,6.88,14,3,2.8,0,1,0
2645,52.36,11,1,7.9,0,1,0
2646,44.92,19,2,3.8,0,1,0
2647,70.45,11,1,1.9,0,1,0
2648,78.26,15,3,0.6,0,1,0
2649,69.0,18,0,6.6,0,0,0
2650,16.86,7,5,7.6,0,1,0
2651,4.0,13,4,18.8,0,0,0
2652,83.76,14,4,2.0,0,0,0
2653,179.58,11,3,3.8,0,1,0
2654,56.94,4,1,2.7,0,1,0
2655,47.06,7,3,16.6,0,1,0
2656,3.44,3,3,3.2,0,0,0
2657,56.73,8,2,3.6,0,0,0
2658,156.65,16,4,9.5,0,1,0
2659,209.29,16,6,2.4,0,0,0
2660,22.25,12,3,1.3,0,0,0
2661,96.22,18,3,1.8,0,1,0
2662,286.47,4,6,20.5,1,1,1
2663,17.64,21,8,0.3,0,0,0
2664,16.84,14,3,12.8,0,1,0
2665,95.58,14,5,18.4,0,1,0
2666,4.0,13,1,4.4,0,0,0
2667,1.0,18,2,3.5,0,1,0
2668,118.51,16,6,8.6,0,0,0
2669,84.5,13,3,10.3,0,0,0
2670,97.73,18,3,0.2,0,0,0
2671,69.61,5,2,2.0,0,0,0
2672,21.7,4,5,34.3,0,1,0
2673,209.89,8,6,18.7,0,1,0
2674,40.8,13,1,6.1,0,0,0
2675,36.27,9,2,4.1,0,0,0
2676,15.64,7,1,8.6,0,1,0
2677,120.03,8,2,7.9,0,1,0
2678,134.0,3,2,8.3,1,0,0
2679,4.04,10,7,32.3,0,0,0
2680,29.67,8,2,5.3,0,1,0
2681,18.66,20,3,2.3,0,1,0
2682,193.04,21,4,0.0,0,1,0
2683,87.04,8,3,3.9,0,1,0
2684,62.81,17,3,3.0,0,1,0
2685,42.76,13,6,15.4,0,0,0
2686,2.69,20,2,3.8,0,0,0
2687,78.19,9,2,9.7,0,1,0
2688,189.98,12,2,1.3,0,1,0
2689,1.08,16,3,1.5,0,1,0
2690,20.19,9,3,11.0,0,1,0
2691,49.72,8,3,22.3,0,1,0
2692,52.36,18,9,15.0,0,1,0
2693,163.17,6,1,1.3,0,0,0
2694,92.38,5,2,0.4,0,0,0
2695,9.15,11,2,7.3,0,1,0
2696,10.27,11,0,9.9,0,1,0
2697,91.92,18,7,6.3,0,1,0
2698,1.85,23,4,0.3,0,1,0
2699,71.8,18,2,5.1,0,0,0
2700,15.0,9,3,0.8,0,1,0
2701,70.14,20,2,0.4,0,0,0
2702,269.32,4,9,97.8,1,1,1
2703,5.88,12,5,0.5,0,0,0
2704,5.8,10,1,2.2,0,0,0
2705,24.64,9,3,48.6,0,0,0
2706,17.98,16,6,11.7,0,0,0
2707,56.98,11,2,17.0,0,1,0
2708,188.04,0,7,141.0,1,1,1
2709,5.22,11,4,9.6,0,0,0
2710,1.72,11,2,10.5,0,0,0
2711,203.09,8,3,4.4,0,0,0
2712,47.48,5,4,4.5,0,0,0
2713,85.05,20,0,0.1,0,1,0
2714,157.53,17,4,6.7,0,1,0
2715,42.39,12,3,8.6,0,1,0
2716,2.91,0,2,11.6,0,1,0
2717,20.96,14,2,1.7,0,0,0
2718,214.99,10,3,1.9,0,1,0
2719,73.26,10,3,9.3,0,1,0
2720,47.47,18,8,5.6,0,0,0
2721,216.0,7,2,15.3,0,1,0
2722,76.9,7,1,2.9,0,1,0
2723,10.23,17,1,3.6,0,1,0
2724,36.06,15,3,2.0,1,0,0
2725,23.76,8,1,1.1,0,1,0
2726,115.2,2,2,1.4,0,0,0
2727,4.19,16,1,20.7,0,0,0
2728,31.96,12,2,2.9,0,0,0
2729,23.51,9,2,19.9,0,0,0
2730,30.54,18,1,8.4,0,0,0
2731,166.65,15,4,0.8,0,1,0
2732,39.34,15,3,3.6,0,1,0
2733,29.48,20,2,0.1,0,1,0
2734,287.72,15,3,5.9,0,1,0
2735,37.32,17,3,4.5,0,1,0
2736,13.07,20,1,44.5,0,0,0
2737,471.68,4,14,99.9,1,1,1
2738,11.39,11,1,3.4,1,1,0
2739,36.56,16,4,8.5,0,0,0
2740,67.38,1,4,1.8,0,0,0
2741,70.35,20,6,2.9,0,1,0
2742,17.32,9,3,15.1,0,0,0
2743,6.07,2,4,12.7,0,0,0
2744,34.91,11,1,13.7,0,0,0
2745,6.89,6,5,2.1,0,0,0
2746,173.12,14,4,9.8,0,1,0
2747,59.57,22,2,2.4,0,1,0
2748,17.05,8,3,4.0,0,1,0
2749,2.77,11,5,1.4,0,0,0
2750,97.27,5,3,5.5,0,0,0
2751,1.0,18,2,15.9,0,0,0
2752,6.22,17,2,0.2,0,1,0
2753,23.83,22,1,3.2,1,0,0
2754,164.36,15,4,1.0,0,1,0
2755,15.24,18,3,27.0,0,1,0
2756,11.34,15,6,4.7,0,0,0
2757,3.25,12,3,3.2,0,0,0
2758,72.21,2,1,3.3,0,0,0
2759,27.55,14,4,6.8,0,0,0
2760,1.98,8,5,12.1,0,1,0
2761,53.45,6,1,2.7,1,0,0
2762,103.95,20,6,8.1,0,0,0
2763,62.31,7,2,0.5,0,1,0
2764,86.8,18,9,2.7,0,1,0
2765,100.38,11,0,3.9,0,0,0
2766,73.09,16,2,26.6,1,0,0
2767,56.75,11,4,0.3,0,0,0
2768,195.88,17,3,2.3,1,0,0
2769,159.35,6,2,13.4,0,0,0
2770,44.3,14,3,0.7,0,0,0
2771,12.19,10,1,27.0,0,0,0
2772,26.82,10,5,3.1,0,0,0
2773,3.64,9,6,2.7,0,1,0
2774,41.15,18,2,1.4,0,1,0
2775,22.16,15,4,0.5,0,0,0
2776,11.06,17,3,0.3,0,1,0
2777,18.33,19,7,7.9,0,1,0
2778,30.85,12,4,3.6,0,1,0
2779,33.29,16,1,2.5,0,1,0
2780,80.94,16,3,9.7,0,1,0
2781,33.1,13,3,9.6,1,1,0
2782,577.02,2,6,91.4,0,1,1
2783,25.58,22,3,6.3,0,0,0
2784,207.43,9,2,2.1,1,0,0
2785,38.42,10,2,15.7,0,1,0
2786,56.06,8,4,6.9,0,1,0
2787,232.37,7,5,1.8,0,0,0
2788,61.95,16,5,1.3,0,1,0
2789,108.32,18,3,2.3,0,0,0
2790,143.93,23,8,57.0,1,1,1
2791,21.91,13,2,11.3,0,0,0
2792,36.9,7,0,4.4,0,0,0
2793,126.2,16,2,2.5,0,0,0
2794,6.25,15,1,4.0,0,1,0
2795,69.08,9,1,16.7,0,0,0
2796,156.49,7,3,4.5,0,1,0
2797,37.06,20,3,8.3,0,1,0
2798,4.0,14,2,3.5,0,1,0
2799,1.7,22,4,3.8,0,0,0
2800,63.36,17,4,16.8,0,1,0
2801,88.81,18,2,16.1,0,0,0
2802,43.73,7,3,22.2,0,0,0
2803,53.89,11,1,5.6,0,1,0
2804,161.95,15,2,1.8,0,0,0
2805,478.33,10,11,27.2,0,1,1
2806,58.13,17,2,3.9,0,1,0
2807,13.11,14,3,18.6,0,1,0
2808,53.97,10,5,0.7,0,0,0
2809,44.94,3,4,13.7,0,1,0
2810,82.67,17,2,7.9,0,1,0
2811,213.1,15,2,2.0,0,1,0
2812,20.39,6,1,1.8,0,1,0
2813,46.37,15,2,3.7,1,0,0
2814,24.74,18,4,18.2,0,0,0
2815,267.05,8,2,9.1,0,0,0
2816,61.93,13,1,12.3,1,0,0
2817,1.08,13,3,0.7,0,0,0
2818,38.72,22,2,7.4,0,1,0
2819,47.63,20,1,0.4,1,0,0
2820,108.91,14,3,1.3,0,1,0
2821,101.96,3,4,7.8,0,0,0
2822,24.14,17,2,1.9,0,0,0
2823,75.26,15,1,3.3,0,1,0
2824,16.97,18,1,12.1,0,0,0
2825,214.87,12,2,4.1,1,1,0
2826,114.99,17,5,0.9,0,1,0
2827,51.22,13,3,1.6,0,1,0
2828,2.75,14,2,0.9,0,0,0
2829,30.49,7,0,8.1,0,0,0
2830,79.09,12,4,6.0,0,0,0
2831,20.82,7,7,25.9,1,0,0
2832,71.51,17,6,4.6,0,1,0
2833,1.05,20,4,3.5,0,1,0
2834,9.66,8,2,1.6,0,0,0
2835,14.22,8,1,3.8,0,0,0
2836,16.41,13,2,8.6,0,1,0
2837,18.63,17,1,14.3,0,1,0
2838,20.16,9,3,7.6,0,1,0
2839,32.11,17,2,1.1,0,0,0
2840,9.16,10,3,1.1,0,1,0
2841,27.06,17,2,27.3,0,0,0
2842,30.66,13,4,6.7,0,1,0
2843,57.69,11,4,1.1,0,0,0
2844,49.42,17,2,13.7,0,1,0
2845,79.4,6,4,13.3,0,0,0
2846,4.6,6,3,0.9,0,0,0
2847,76.27,8,3,7.4,0,1,0
2848,205.59,9,2,0.2,0,0,0
2849,78.66,13,1,1.4,0,1,0
2850,21.69,19,1,2.1,0,0,0
2851,16.76,15,2,21.7,0,0,0
2852,14.83,12,4,10.4,0,0,0
2853,146.04,14,2,13.3,0,0,0
2854,5.91,21,3,6.8,0,0,0
2855,173.63,11,6,1.4,0,0,0
2856,50.26,10,0,2.7,0,1,0
2857,40.11,15,5,9.9,0,1,0
2858,65.35,6,5,6.4,0,0,0
2859,10.71,14,4,5.8,0,0,0
2860,12.6,18,2,1.0,0,0,0
2861,29.28,16,4,0.9,0,1,0
2862,54.16,21,2,14.6,0,0,0
2863,88.76,8,2,0.7,0,1,0
2864,51.89,8,3,22.6,0,1,0
2865,107.81,10,2,23.8,0,1,0
2866,71.48,10,2,0.8,1,1,0
2867,17.65,12,4,11.1,0,0,0
2868,186.56,15,7,0.3,0,0,0
2869,12.52,14,2,10.2,0,0,0
2870,98.86,20,2,1.6,0,0,0
2871,109.67,20,4,12.0,0,1,0
2872,69.59,10,5,14.6,0,0,0
2873,109.97,19,1,26.4,0,0,0
2874,1.55,16,4,2.0,1,0,0
2875,37.87,1,1,4.5,0,0,0
2876,27.63,18,1,9.3,0,1,0
2877,36.28,8,2,5.8,1,1,0
2878,8.73,12,1,12.9,0,0,0
2879,81.96,14,3,28.5,0,0,0
2880,7.12,18,2,14.7,0,1,0
2881,44.19,17,2,3.5,0,1,0
2882,62.53,13,3,2.2,0,0,0
2883,85.2,14,2,10.6,0,1,0
2884,229.1,13,3,11.5,0,0,0
2885,52.75,14,2,7.6,0,0,0
2886,182.81,14,5,4.7,0,1,0
2887,223.37,13,3,1.1,0,1,0
2888,15.65,13,1,4.5,0,0,0
2889,86.75,22,6,51.2,1,1,0
2890,115.91,14,1,1.0,0,1,0
2891,35.59,19,2,6.9,0,0,0
2892,188.11,22,2,0.2,0,0,0
2893,28.13,19,4,4.6,0,0,0
2894,43.79,11,6,2.0,0,0,0
2895,111.7,15,3,0.7,0,1,0
2896,65.33,10,4,0.3,0,1,0
2897,26.4,8,1,5.1,0,1,0
2898,5.06,20,3,7.1,0,0,0
2899,94.26,16,1,2.6,0,0,0
2900,107.27,20,2,16.7,0,0,0
2901,161.43,22,4,10.9,1,0,0
2902,3.02,15,2,6.7,0,0,0
2903,20.55,7,2,5.8,0,1,0
2904,152.8,11,3,16.7,0,0,0
2905,25.83,20,1,5.1,0,0,0
2906,19.17,21,1,12.6,0,1,0
2907,39.03,11,2,7.3,0,0,0
2908,37.02,4,2,0.5,0,1,0
2909,120.02,18,7,15.7,0,0,0
2910,30.06,7,4,3.2,0,1,0
2911,52.7,17,5,2.1,0,0,0
2912,2.5,13,2,3.3,0,0,0
2913,84.64,18,0,24.8,0,0,0
2914,94.81,23,3,4.9,1,1,0
2915,37.1,17,4,4.7,0,0,0
2916,14.06,12,3,5.7,1,0,0
2917,139.59,18,4,1.4,0,1,0
2918,1.05,1,0,2.2,0,1,0
2919,72.63,20,3,3.6,0,0,0
2920,49.48,18,4,5.6,0,1,0
2921,31.58,18,3,6.2,0,0,0
2922,70.98,14,1,3.6,0,1,0
2923,107.75,21,4,2.5,0,0,0
2924,57.21,7,4,1.3,0,0,0
2925,7.81,10,6,4.3,1,0,0
2926,105.04,13,5,0.3,0,0,0
2927,128.76,13,3,28.8,0,1,0
2928,77.1,14,2,11.9,0,0,0
2929,11.47,20,2,3.9,0,0,0
2930,23.75,16,4,12.5,1,1,0
2931,2.63,15,3,10.0,0,1,0
2932,7.47,13,1,10.7,0,1,0
2933,48.87,13,5,12.0,0,1,0
2934,71.05,12,2,11.2,1,0,0
2935,89.03,8,2,12.1,0,0,0
2936,20.73,17,2,3.4,0,0,0
2937,50.13,2,7,10.5,0,0,0
2938,181.77,22,0,13.3,0,1,0
2939,46.91,9,5,10.3,0,0,0
2940,40.22,8,5,3.3,0,0,0
2941,11.26,11,1,15.5,0,0,0
2942,83.35,7,2,16.4,0,0,0
2943,211.02,19,2,3.7,0,1,0
2944,4.34,21,7,0.2,1,0,0
2945,59.97,8,6,0.5,0,1,0
2946,129.25,12,4,29.8,0,0,0
2947,105.85,14,0,4.0,0,0,0
2948,75.66,9,3,18.3,0,1,0
2949,48.19,8,7,13.0,0,0,0
2950,55.81,16,1,2.3,0,0,0
2951,121.35,12,3,6.5,0,0,0
2952,34.6,9,1,19.6,0,0,0
2953,1.0,2,3,8.5,0,0,0
2954,188.78,17,1,2.2,0,0,0
2955,1.0,20,1,15.4,0,0,0
2956,47.61,8,1,1.1,0,0,0
2957,109.2,7,2,6.7,0,1,0
2958,50.0,2,9,50.9,0,1,1
2959,118.4,3,1,11.9,0,1,0
2960,115.14,16,2,3.4,0,0,0
2961,5.6,7,3,39.8,0,1,0
2962,59.2,17,3,6.2,0,1,0
2963,36.15,19,0,15.3,0,1,0
2964,7.83,13,3,6.9,0,1,0
2965,72.62,16,4,4.5,1,0,0
2966,16.35,15,2,8.1,0,1,0
2967,47.26,22,2,4.3,0,0,0
2968,41.85,12,4,10.6,0,0,0
2969,29.11,18,3,1.7,0,0,0
2970,54.93,15,5,5.2,0,0,0
2971,111.5,4,1,7.9,0,0,0
2972,10.81,15,4,1.1,0,1,0
2973,25.01,10,5,0.6,0,0,0
2974,42.12,11,3,3.1,0,1,0
2975,191.29,7,4,1.1,0,0,0
2976,89.81,15,1,15.5,0,1,0
2977,10.6,12,2,4.0,0,1,0
2978,18.42,7,4,6.2,0,0,0
2979,179.41,18,4,2.9,0,1,0
2980,23.31,4,3,15.4,0,0,0
2981,8.03,20,2,47.0,0,0,0
2982,10.43,0,5,12.4,1,1,0
2983,79.99,15,3,0.1,0,0,0
2984,26.63,16,2,7.9,0,1,0
2985,32.93,19,1,1.1,1,0,0
2986,157.51,14,1,15.5,1,0,0
2987,29.96,19,3,3.7,0,0,0
2988,57.02,18,2,7.7,0,0,0
2989,26.23,17,2,1.2,0,0,0
2990,20.11,17,2,15.6,0,0,0
2991,691.67,4,6,3.6,1,1,1
2992,493.01,1,9,12.0,0,1,1
2993,9.94,16,5,4.1,0,0,0
2994,87.44,9,4,13.6,0,1,0
2995,13.02,8,4,17.7,0,0,0
2996,54.24,12,5,20.0,0,0,0
2997,22.92,5,2,3.9,1,0,0
2998,90.25,9,0,30.0,0,0,0
2999,9.42,12,3,20.5,0,1,0
3000,267.97,19,3,0.6,0,1,0
3001,86.22,18,0,3.2,0,1,0
3002,1.08,9,2,1.8,0,1,0
3003,233.52,17,4,1.3,0,1,0
3004,163.98,3,2,4.1,0,1,0
3005,44.4,14,4,6.5,0,0,0
3006,7.57,17,4,4.0,0,0,0
3007,42.85,12,2,29.2,0,0,0
3008,52.21,17,3,14.8,1,0,0
3009,95.76,11,2,16.5,0,1,0
3010,23.7,9,1,2.1,0,1,0
3011,1.0,9,4,5.7,1,0,0
3012,1.0,13,5,15.9,0,0,0
3013,67.74,17,3,24.3,1,0,0
3014,58.04,17,6,14.4,0,1,0
3015,45.9,11,2,22.7,0,0,0
3016,136.86,8,2,7.1,1,1,0
3017,47.83,17,4,1.1,0,0,0
3018,94.68,19,2,18.8,0,1,0
3019,152.06,8,1,19.6,0,0,0
3020,109.01,14,2,0.6,0,0,0
3021,7.35,19,2,29.8,0,0,0
3022,1.0,15,3,6.7,0,1,0
3023,166.77,19,6,3.5,1,0,0
3024,75.57,11,5,3.7,0,0,0
3025,9.92,7,1,2.2,0,1,0
3026,11.43,4,3,4.3,0,0,0
3027,79.25,4,3,9.0,0,1,0
3028,117.6,16,1,0.7,0,0,0
3029,47.98,13,2,9.3,0,0,0
3030,7.38,6,2,1.6,0,1,0
3031,13.34,7,3,1.0,0,0,0
3032,134.28,12,1,8.6,0,1,0
3033,19.89,17,4,1.5,0,0,0
3034,71.18,5,0,5.0,0,1,0
3035,56.94,16,6,2.0,0,0,0
3036,80.4,22,2,5.4,0,1,0
3037,45.14,19,3,0.9,0,0,0
3038,22.16,10,1,1.3,0,0,0
3039,44.09,12,1,2.8,0,0,0
3040,48.7,16,3,2.9,0,1,0
3041,9.43,6,2,15.8,0,1,0
3042,14.64,16,1,1.6,0,1,0
3043,9.53,19,6,8.5,0,1,0
3044,52.34,1,3,1.5,0,0,0
3045,67.12,18,1,4.4,0,0,0
3046,23.4,17,5,9.5,0,0,0
3047,5.58,21,5,18.9,0,1,0
3048,71.54,17,1,1.8,0,1,0
3049,163.6,13,4,1.7,0,0,0
3050,16.9,10,2,3.5,0,1,0
3051,98.26,20,4,11.7,0,1,0
3052,44.1,8,2,0.5,0,1,0
3053,1.7,17,3,1.0,0,0,0
3054,157.46,15,1,4.4,0,0,0
3055,5.12,18,4,7.4,0,1,0
3056,86.88,19,3,6.9,0,0,0
3057,76.25,18,1,26.8,0,0,0
3058,153.36,17,3,7.9,0,0,0
3059,92.88,15,1,5.0,0,1,0
3060,108.82,10,5,1.6,0,1,0
3061,184.08,20,4,1.6,0,1,0
3062,2.64,14,2,0.2,0,1,0
3063,2.98,13,0,1.9,0,0,0
3064,20.94,9,2,2.6,0,1,0
3065,121.21,10,0,6.6,0,1,0
3066,43.58,14,4,4.5,0,0,0
3067,2.94,18,4,28.6,0,1,0
3068,42.18,16,6,4.0,0,1,0
3069,5.29,9,4,11.2,0,1,0
3070,11.47,15,4,4.0,0,1,0
3071,22.16,5,3,5.1,0,1,0
3072,14.37,17,0,6.1,0,0,0
3073,6.15,15,2,27.7,0,0,0
3074,81.9,16,3,0.4,0,1,0
3075,7.92,18,2,0.6,0,1,0
3076,8.07,18,3,4.3,0,0,0
3077,49.03,21,6,0.3,0,0,0
3078,102.33,18,2,17.8,0,1,0
3079,30.27,4,1,17.2,0,0,0
3080,31.98,14,4,1.3,0,1,0
3081,90.88,16,2,3.0,0,1,0
3082,118.75,9,7,22.2,0,1,0
3083,57.43,14,6,6.1,0,0,0
3084,1.11,12,3,1.5,0,0,0
3085,72.55,18,1,19.3,0,0,0
3086,24.26,10,5,6.5,0,1,0
3087,32.84,18,8,1.5,0,1,0
3088,12.44,16,2,10.3,0,1,0
3089,1.0,12,0,7.4,0,0,0
3090,31.28,20,3,0.1,0,0,0
3091,102.72,0,4,2.7,0,1,0
3092,28.89,15,5,2.7,0,1,0
3093,2910.06,3,12,295.7,1,1,1
3094,31.43,8,4,9.6,0,0,0
3095,742.26,16,6,0.6,1,1,1
3096,537.7,19,7,2.2,0,1,1
3097,71.96,22,6,3.2,0,0,0
3098,119.42,18,4,0.9,0,1,0
3099,29.79,12,2,8.1,0,1,0
3100,3.29,22,1,5.7,0,1,0
3101,47.8,15,2,31.2,0,1,0
3102,29.11,10,2,1.1,0,0,0
3103,6.87,18,6,1.2,0,1,0
3104,23.03,17,3,1.9,0,0,0
3105,81.17,11,3,8.3,0,1,0
3106,77.11,14,2,1.5,0,1,0
3107,147.87,10,5,3.2,0,0,0
3108,31.76,18,4,1.9,0,0,0
3109,142.82,12,4,0.0,0,0,0
3110,11.29,17,0,2.5,0,0,0
3111,14.68,21,4,5.9,0,1,0
3112,35.44,15,1,1.5,0,0,0
3113,30.01,21,2,53.7,0,1,0
3114,100.45,9,5,0.8,0,1,0
3115,203.39,10,2,25.1,0,0,0
3116,20.62,12,1,0.4,1,0,0
3117,1.79,17,4,5.6,0,1,0
3118,50.67,22,4,19.4,0,1,0
3119,1.0,2,5,3.6,0,1,0
3120,21.89,18,3,0.4,0,1,0
3121,13.95,19,4,4.0,0,1,0
3122,31.82,17,4,1.3,0,1,0
3123,99.81,2,3,6.4,0,0,0
3124,76.41,14,1,7.7,0,0,0
3125,18.91,10,2,30.5,0,0,0
3126,211.29,16,3,8.8,0,0,0
3127,67.44,18,4,5.0,0,0,0
3128,17.95,10,2,0.7,0,1,0
3129,77.16,15,3,31.5,0,1,0
3130,37.17,18,2,0.6,1,0,0
3131,8.81,16,3,16.5,0,1,0
3132,118.2,8,5,2.3,0,1,0
3133,8.34,14,5,6.4,0,0,0
3134,50.18,20,2,2.5,0,0,0
3135,56.51,11,2,1.0,0,1,0
3136,210.59,22,4,4.8,0,0,0
3137,197.15,17,7,33.0,1,1,1
3138,9.89,12,2,1.3,0,1,0
3139,134.35,1,0,10.6,0,1,0
3140,3.11,14,2,9.1,0,1,0
3141,39.83,18,0,3.6,0,1,0
3142,15.01,8,1,15.0,0,1,0
3143,19.42,7,2,6.1,0,0,0
3144,24.28,9,5,5.3,0,0,0
3145,25.14,9,4,2.9,0,0,0
3146,49.05,15,3,10.4,0,1,0
3147,138.72,2,2,12.0,1,0,0
3148,29.48,23,2,11.7,0,0,0
3149,298.76,21,7,17.4,1,1,1
3150,12.79,17,2,0.4,1,0,0
3151,427.95,19,5,1.8,0,0,0
3152,37.87,8,3,2.8,0,1,0
3153,118.02,4,0,4.9,0,0,0
3154,29.09,6,3,2.9,0,0,0
3155,47.84,17,0,15.8,0,1,0
3156,32.95,9,4,0.4,0,0,0
3157,76.76,18,8,8.3,0,0,0
3158,13.27,5,2,6.4,0,0,0
3159,140.25,7,4,4.3,0,0,0
3160,25.62,8,0,8.2,0,0,0
3161,53.72,17,4,0.7,0,0,0
3162,110.11,13,1,8.8,0,1,0
3163,50.24,11,2,14.3,0,0,0
3164,1.01,19,5,0.7,0,0,0
3165,1.0,19,2,0.4,0,0,0
3166,127.94,12,3,2.3,0,1,0
3167,24.97,10,2,0.5,1,1,0
3168,61.3,10,7,16.8,0,0,0
3169,22.42,14,3,12.0,0,0,0
3170,19.74,8,4,7.8,1,1,0
3171,62.94,9,3,9.5,0,0,0
3172,46.59,9,2,1.2,0,0,0
3173,28.24,14,3,16.7,0,1,0
3174,60.73,12,4,3.8,0,1,0
3175,35.43,21,3,4.0,0,1,0
3176,43.61,20,2,6.0,0,1,0
3177,10.43,18,5,0.0,0,0,0
3178,84.56,10,5,0.6,0,0,0
3179,71.26,9,3,15.7,0,0,0
3180,1.64,16,5,5.8,0,1,0
3181,5.32,3,4,0.4,0,0,0
3182,104.43,11,4,9.4,0,0,0
3183,28.39,21,4,1.8,0,1,0
3184,51.16,8,6,6.0,0,1,0
3185,24.93,18,1,0.7,0,0,0
3186,7.88,5,3,7.9,0,0,0
3187,3.0,14,2,2.7,0,1,0
3188,35.24,7,1,3.5,0,0,0
3189,157.52,8,4,1.1,0,1,0
3190,77.34,9,3,13.4,0,1,0
3191,154.37,17,2,1.0,0,1,0
3192,24.65,8,4,7.9,0,0,0
3193,2.2,0,4,1.1,0,0,0
3194,172.07,18,2,35.6,1,0,0
3195,210.99,19,3,5.7,0,1,0
3196,4.56,18,3,1.4,0,0,0
3197,67.61,7,5,7.0,0,0,0
3198,69.96,18,4,0.3,0,0,0
3199,33.59,15,5,4.9,0,0,0
3200,173.1,11,4,2.8,0,0,0
3201,4.14,12,4,7.8,0,1,0
3202,12.76,12,4,1.6,0,1,0
3203,243.16,11,3,1.5,0,1,0
3204,182.73,8,3,23.4,0,0,0
3205,69.88,21,3,3.5,0,0,0
3206,139.44,17,2,2.7,0,1,0
3207,49.89,18,4,10.5,0,0,0
3208,66.88,18,1,0.3,0,1,0
3209,340.5,11,3,4.3,0,1,0
3210,468.87,3,9,94.3,0,0,1
3211,86.44,13,3,1.7,0,1,0
3212,25.35,20,0,5.3,0,0,0
3213,64.79,17,2,9.7,0,0,0
3214,102.59,11,4,25.2,0,0,0
3215,96.15,16,5,7.6,0,1,0
3216,169.18,8,5,12.5,0,0,0
3217,94.85,13,3,24.2,0,0,0
3218,10.46,8,5,4.2,0,1,0
3219,67.03,14,1,0.5,0,0,0
3220,5.62,11,4,12.0,0,0,0
3221,176.91,15,1,4.8,0,0,0
3222,79.65,16,3,4.0,0,1,0
3223,83.99,8,5,12.4,0,1,0
3224,6.69,13,3,27.9,0,0,0
3225,72.17,18,1,34.9,0,0,0
3226,49.89,16,2,12.2,0,0,0
3227,72.77,16,0,9.0,0,0,0
3228,132.2,7,0,3.9,0,1,0
3229,23.74,11,4,2.6,0,0,0
3230,22.74,1,2,4.9,0,0,0
3231,819.7,20,4,9.8,1,1,1
3232,4.43,8,5,15.2,0,1,0
3233,20.42,20,5,1.7,0,0,0
3234,72.17,8,1,13.2,0,1,0
3235,49.04,20,6,6.9,0,1,0
3236,38.62,22,5,1.9,0,1,0
3237,61.39,10,2,10.5,0,1,0
3238,25.74,14,6,17.1,0,0,0
3239,6.76,22,3,11.6,0,0,0
3240,99.42,2,5,3.6,0,0,0
3241,8.03,17,3,6.9,1,1,0
3242,25.84,11,2,2.1,0,0,0
3243,72.7,21,2,11.9,1,0,0
3244,23.66,21,6,4.7,0,0,0
3245,23.51,7,3,3.4,0,1,0
3246,60.8,5,3,1.1,0,1,0
3247,121.02,18,6,1.4,1,0,0
3248,103.71,21,5,5.4,0,1,0
3249,23.69,17,6,0.2,0,0,0
3250,60.67,12,2,1.2,0,0,0
3251,212.52,12,4,1.2,0,0,0
3252,25.4,5,3,3.3,0,0,0
3253,49.36,9,3,3.9,0,1,0
3254,54.91,9,0,19.9,0,1,0
3255,49.15,10,4,10.0,0,1,0
3256,9.01,7,3,6.6,0,0,0
3257,121.74,13,1,5.9,0,1,0
3258,15.97,9,3,0.7,0,1,0
3259,12.58,9,3,9.5,1,0,0
3260,78.7,10,1,1.0,0,0,0
3261,4.96,19,3,11.1,0,1,0
3262,6.59,9,2,7.4,0,1,0
3263,105.11,20,4,0.4,0,0,0
3264,25.31,8,4,0.2,1,1,0
3265,43.88,22,4,7.9,0,0,0
3266,11.0,13,3,0.1,0,1,0
3267,23.31,16,3,7.5,0,0,0
3268,45.8,10,6,3.0,0,0,0
3269,133.41,12,1,8.8,0,1,0
3270,21.81,12,7,2.8,0,1,0
3271,58.68,5,1,3.1,0,1,0
3272,12.45,15,3,5.2,0,0,0
3273,7.94,18,4,4.9,0,1,0
3274,108.59,15,2,29.9,0,1,0
3275,9.3,8,1,10.8,0,1,0
3276,4.56,18,7,2.2,0,1,0
3277,161.61,9,2,1.0,0,1,0
3278,20.61,17,3,7.3,0,0,0
3279,15.16,14,1,6.3,1,1,0
3280,1.0,10,2,11.2,0,0,0
3281,293.4,16,5,6.1,1,1,0
3282,165.51,16,4,2.7,0,1,0
3283,51.08,10,3,3.6,0,0,0
3284,55.59,22,3,2.1,0,1,0
3285,230.93,9,3,2.4,0,0,0
3286,19.72,12,6,1.7,0,1,0
3287,72.55,18,4,3.3,0,1,0
3288,23.35,6,3,13.0,0,0,0
3289,90.64,18,1,2.6,0,1,0
3290,24.12,9,1,12.6,0,0,0
3291,50.37,9,0,5.2,0,0,0
3292,33.86,20,3,19.8,0,1,0
3293,96.9,20,6,4.4,0,1,0
3294,74.48,16,1,18.4,0,1,0
3295,33.51,9,2,15.0,0,0,0
3296,50.56,22,3,0.3,0,1,0
3297,64.39,12,4,5.1,0,0,0
3298,3.32,18,3,9.7,0,0,0
3299,20.05,17,9,1.7,0,1,0
3300,1.37,10,5,14.0,0,0,0
3301,25.3,18,5,3.0,0,0,0
3302,25.74,13,2,16.1,0,0,0
3303,16.55,17,4,2.6,0,0,0
3304,31.42,6,3,2.9,0,1,0
3305,40.47,15,0,2.9,0,1,0
3306,205.15,7,4,2.3,0,1,0
3307,104.83,13,3,10.9,0,0,0
3308,31.6,19,1,11.6,0,1,0
3309,4.89,7,4,2.8,0,0,0
3310,67.71,6,2,0.7,0,1,0
3311,12.31,9,3,2.0,0,1,0
3312,75.36,17,3,6.9,0,0,0
3313,150.57,18,5,1.3,0,0,0
3314,15.87,14,2,1.3,1,1,0
3315,11.86,9,1,2.0,0,0,0
3316,120.22,17,0,37.2,0,0,0
3317,34.16,10,1,5.5,0,1,0
3318,213.19,8,2,4.8,0,1,0
3319,168.32,10,5,2.3,0,1,0
3320,49.95,15,0,12.2,0,1,0
3321,36.5,19,3,4.2,0,1,0
3322,50.8,20,4,4.4,0,0,0
3323,40.65,20,1,5.6,0,1,0
3324,7.41,11,3,3.5,0,1,0
3325,32.41,13,2,23.2,0,1,0
3326,211.78,21,0,4.3,0,0,0
3327,101.69,9,3,25.6,0,1,0
3328,34.82,10,2,4.4,0,0,0
3329,90.19,15,3,10.8,0,1,0
3330,9.12,17,4,6.8,1,1,0
3331,126.47,14,4,45.8,1,1,0
3332,11.53,8,1,10.6,0,0,0
3333,52.15,4,4,7.5,0,1,0
3334,1.0,10,5,2.8,0,1,0
3335,122.73,17,3,0.2,0,1,0
3336,54.43,10,6,4.6,0,1,0
3337,2.27,17,2,19.1,0,0,0
3338,36.13,18,2,29.0,0,1,0
3339,10.6,13,3,4.5,0,0,0
3340,53.48,15,3,11.1,1,1,0
3341,12.2,14,3,22.8,0,0,0
3342,59.06,1,5,5.0,0,0,0
3343,28.55,7,3,3.8,0,0,0
3344,4.6,18,1,7.1,0,0,0
3345,67.95,3,0,2.2,0,1,0
3346,14.78,10,0,16.7,0,0,0
3347,60.79,10,4,22.1,0,1,0
3348,23.07,17,2,0.5,0,0,0
3349,143.71,23,4,4.7,0,0,0
3350,66.15,10,2,0.4,0,0,0
3351,18.86,15,3,0.2,0,0,0
3352,168.83,8,6,16.3,0,0,0
3353,17.85,20,4,3.0,0,0,0
3354,1.59,17,3,2.4,0,0,0
3355,82.03,22,1,23.3,0,1,0
3356,27.19,19,1,15.9,0,1,0
3357,52.44,20,3,5.6,0,1,0
3358,15.55,20,4,2.2,0,0,0
3359,51.84,10,2,7.1,0,0,0
3360,19.6,12,8,8.0,0,0,0
3361,101.01,9,8,2.3,0,1,0
3362,68.69,14,3,6.0,0,1,0
3363,174.81,10,3,11.0,0,1,0
3364,117.94,6,2,5.6,0,1,0
3365,50.0,22,16,12.5,0,1,1
3366,31.12,15,4,12.3,0,0,0
3367,8.96,7,6,0.8,0,0,0
3368,61.66,9,4,4.0,0,0,0
3369,41.02,4,3,7.5,1,0,0
3370,120.18,0,3,1.1,0,0,0
3371,8.2,12,3,15.7,0,1,0
3372,12.21,13,5,0.9,0,1,0
3373,5.0,6,4,0.6,0,1,0
3374,185.58,19,7,5.4,0,1,0
3375,43.09,20,0,41.8,0,1,0
3376,262.21,13,5,3.0,0,1,0
3377,601.73,21,8,18.5,0,1,1
3378,8.26,14,2,0.7,1,1,0
3379,184.73,16,7,8.8,0,0,0
3380,37.27,9,3,7.7,0,1,0
3381,7.8,10,0,1.1,0,0,0
3382,6.88,8,1,5.5,0,0,0
3383,144.29,12,4,3.4,0,0,0
3384,266.46,22,6,15.5,0,1,0
3385,25.11,9,3,1.0,1,0,0
3386,1.66,15,6,7.8,0,1,0
3387,3.14,19,1,4.3,0,1,0
3388,18.72,17,2,9.0,0,0,0
3389,26.76,16,0,2.8,0,1,0
3390,77.95,7,7,6.3,0,0,0
3391,50.0,20,10,9.8,1,1,1
3392,1.0,17,8,2.8,1,0,0
3393,24.78,18,4,2.0,0,1,0
3394,169.39,15,4,4.8,0,0,0
3395,80.25,9,1,16.8,0,0,0
3396,9.35,14,1,14.0,0,1,0
3397,21.24,16,5,8.7,0,0,0
3398,177.27,13,6,18.1,0,0,0
3399,85.61,14,3,4.4,1,1,0
3400,5.97,9,2,1.4,0,1,0
3401,17.23,11,5,0.4,0,0,0
3402,221.28,13,0,5.5,0,0,0
3403,19.41,19,2,2.8,0,0,0
3404,5.1,6,5,12.6,0,1,0
3405,241.77,14,4,0.3,0,0,0
3406,47.98,15,3,20.6,0,0,0
3407,240.58,9,0,1.3,0,1,0
3408,176.96,14,5,4.4,0,1,0
3409,2.22,15,2,9.2,0,1,0
3410,5.09,1,6,6.0,0,0,0
3411,1.0,10,5,25.5,0,1,0
3412,1.37,19,3,2.9,0,1,0
3413,73.77,12,4,14.7,0,0,0
3414,57.18,18,2,0.2,0,0,0
3415,103.35,19,3,4.2,0,1,0
3416,50.62,11,0,5.3,0,0,0
3417,1.0,14,3,9.4,0,0,0
3418,48.82,11,4,7.8,0,0,0
3419,179.0,15,3,2.2,0,1,0
3420,7.41,10,3,3.6,0,0,0
3421,15.06,12,3,4.6,0,1,0
3422,227.03,17,0,1.0,0,0,0
3423,75.0,15,4,34.1,0,1,0
3424,54.18,13,4,9.8,0,1,0
3425,409.76,20,3,16.1,0,1,0
3426,38.29,19,3,8.6,0,1,0
3427,39.35,14,3,3.7,0,0,0
3428,13.92,18,7,16.7,1,0,0
3429,14.36,14,1,10.0,0,0,0
3430,81.16,16,1,7.5,0,1,0
3431,71.11,17,3,13.6,0,0,0
3432,80.11,12,4,17.1,0,0,0
3433,106.2,11,1,1.9,0,1,0
3434,19.88,10,4,1.8,0,0,0
3435,17.14,20,4,0.5,0,0,0
3436,77.91,19,5,18.3,0,1,0
3437,16.8,12,4,11.3,0,0,0
3438,7.27,12,3,6.7,0,1,0
3439,41.17,18,5,0.6,0,1,0
3440,7.52,0,1,2.1,0,0,0
3441,14.99,22,4,4.0,0,1,0
3442,142.96,11,2,7.7,0,1,0
3443,39.36,10,4,0.7,0,1,0
3444,41.73,13,1,3.9,0,0,0
3445,128.59,11,3,14.6,0,0,0
3446,64.9,19,2,21.9,0,1,0
3447,10.54,6,3,11.6,0,1,0
3448,35.15,17,2,9.1,1,0,0
3449,124.92,14,2,1.7,0,0,0
3450,97.58,16,1,7.7,0,0,0
3451,196.6,17,3,5.7,0,1,0
3452,2.89,2,4,8.4,1,1,0
3453,86.16,0,4,16.0,0,1,0
3454,124.99,9,1,1.9,0,0,0
3455,44.76,7,2,1.9,0,1,0
3456,66.16,7,2,8.0,0,0,0
3457,12.69,0,3,15.6,0,0,0
3458,70.26,9,4,0.6,0,0,0
3459,25.1,8,1,8.0,0,0,0
3460,8.05,8,3,15.8,0,1,0
3461,59.99,11,2,2.3,0,0,0
3462,4.75,9,3,9.9,0,1,0
3463,59.81,21,5,8.2,0,0,0
3464,45.95,7,4,1.8,0,1,0
3465,9.23,23,1,12.2,0,0,0
3466,117.19,13,2,7.7,0,1,0
3467,30.06,18,3,14.4,0,1,0
3468,115.15,13,1,21.6,0,1,0
3469,8.99,14,3,0.4,0,1,0
3470,45.76,11,4,6.8,0,0,0
3471,77.15,16,1,11.5,0,1,0
3472,91.64,16,4,15.1,0,0,0
3473,40.09,13,7,9.8,0,0,0
3474,7.45,20,1,24.0,1,1,0
3475,32.22,13,4,6.3,0,0,0
3476,2.99,15,7,5.8,0,0,0
3477,99.74,20,2,2.8,0,0,0
3478,87.94,14,3,44.0,0,0,0
3479,151.15,14,2,1.9,0,1,0
3480,94.58,17,1,4.4,0,0,0
3481,34.99,15,1,3.8,0,0,0
3482,29.9,12,2,14.4,0,0,0
3483,39.59,17,2,3.0,0,1,0
3484,48.93,6,1,24.3,0,0,0
3485,27.3,16,6,6.2,0,1,0
3486,77.74,6,2,10.0,0,0,0
3487,110.86,12,2,1.1,0,0,0
3488,8.11,14,2,0.2,0,0,0
3489,65.2,14,4,2.4,0,0,0
3490,36.15,19,1,2.6,0,1,0
3491,103.84,10,3,11.9,0,0,0
3492,67.67,12,3,10.4,0,0,0
3493,383.21,5,9,11.6,1,1,1
3494,77.13,16,1,10.5,1,0,0
3495,12.19,15,7,3.0,0,1,0
3496,50.54,20,6,7.3,0,1,0
3497,5.45,7,4,22.8,0,0,0
3498,128.87,18,1,0.8,1,1,0
3499,46.62,9,4,1.0,0,0,0
3500,40.84,11,3,10.1,0,1,0
3501,98.91,14,2,30.2,0,0,0
3502,25.46,7,3,19.4,0,0,0
3503,14.09,7,4,2.2,0,0,0
3504,85.94,4,2,6.6,1,1,0
3505,4.41,11,4,0.5,0,0,0
3506,47.83,13,2,2.3,0,0,0
3507,4.41,18,2,19.1,1,0,0
3508,67.24,19,3,2.6,0,1,0
3509,29.87,14,2,0.4,0,0,0
3510,17.62,13,2,1.8,0,0,0
3511,74.98,12,3,0.2,1,0,0
3512,133.37,21,3,8.9,1,1,0
3513,32.68,6,3,11.7,0,0,0
3514,3.88,15,2,1.6,1,0,0
3515,28.48,19,4,13.9,0,1,0
3516,167.47,10,3,2.7,1,0,0
3517,1.0,8,5,7.7,0,1,0
3518,5.22,9,0,0.8,0,0,0
3519,68.65,17,3,4.3,0,0,0
3520,14.81,20,1,44.7,0,1,0
3521,44.03,17,6,6.5,0,1,0
3522,309.86,20,12,98.6,1,1,1
3523,29.86,15,1,3.9,0,0,0
3524,9.97,18,1,1.9,0,0,0
3525,109.04,19,3,3.7,0,0,0
3526,1.53,15,3,2.9,0,0,0
3527,104.19,8,2,1.0,0,1,0
3528,32.01,14,2,17.0,0,1,0
3529,112.27,15,4,3.2,0,0,0
3530,218.57,18,2,12.0,0,1,0
3531,136.16,8,1,4.9,0,0,0
3532,135.22,20,1,0.0,0,0,0
3533,158.96,22,6,6.0,0,0,0
3534,38.23,16,2,6.8,0,0,0
3535,15.44,9,1,10.2,0,0,0
3536,9.37,18,4,1.1,0,1,0
3537,141.17,15,2,6.7,0,0,0
3538,184.93,15,1,0.9,0,0,0
3539,121.11,15,4,4.0,0,1,0
3540,27.36,3,2,14.0,0,1,0
3541,100.75,5,2,2.0,0,0,0
3542,12.02,23,3,1.7,0,0,0
3543,4.43,16,2,2.8,0,0,0
3544,111.5,2,6,4.4,0,1,0
3545,9.57,12,4,0.5,0,1,0
3546,1.0,17,1,4.7,0,0,0
3547,26.82,7,3,1.0,0,1,0
3548,27.71,22,0,12.1,0,0,0
3549,72.46,17,7,12.6,0,1,0
3550,215.54,20,3,13.6,0,0,0
3551,137.39,13,4,7.2,0,0,0
3552,314.73,22,5,9.6,0,1,0
3553,22.56,8,5,6.6,0,1,0
3554,98.81,23,3,126.9,0,1,1
3555,46.43,10,3,3.4,0,0,0
3556,50.94,12,3,7.0,0,1,0
3557,70.74,18,2,2.6,0,0,0
3558,96.84,8,3,7.7,0,0,0
3559,16.46,9,2,8.3,0,1,0
3560,10.43,20,2,1.8,0,1,0
3561,55.15,8,2,0.3,0,1,0
3562,1.0,7,2,8.1,0,1,0
3563,21.31,14,5,18.5,0,0,0
3564,71.67,2,5,10.0,0,0,0
3565,7.52,7,2,5.5,0,1,0
3566,111.82,18,1,10.1,0,0,0
3567,253.67,12,3,3.7,0,0,0
3568,37.18,20,2,14.4,0,0,0
3569,108.25,11,2,28.3,0,1,0
3570,15.59,14,1,6.3,0,1,0
3571,20.34,12,5,45.9,0,0,0
3572,14.26,15,6,5.5,0,0,0
3573,1.3,6,4,12.3,0,0,0
3574,113.53,8,3,1.7,1,0,0
3575,1805.08,21,10,34.8,0,1,1
3576,53.41,9,3,2.8,0,0,0
3577,45.21,3,4,15.8,0,0,0
3578,1.0,9,1,0.2,0,1,0
3579,58.82,8,3,11.8,1,1,0
3580,4.88,8,8,0.7,0,0,0
3581,133.86,19,7,2.7,0,1,0
3582,41.75,12,2,23.7,0,0,0
3583,2.64,10,3,3.0,0,0,0
3584,17.69,12,7,1.4,0,0,0
3585,44.62,19,2,19.2,0,1,0
3586,80.49,17,3,21.3,0,0,0
3587,25.86,10,3,0.5,0,1,0
3588,1.96,12,3,8.1,0,0,0
3589,145.21,10,2,8.6,0,1,0
3590,26.95,8,3,0.6,0,0,0
3591,48.5,17,2,7.7,0,0,0
3592,76.23,3,6,1.5,0,1,0
3593,4.27,15,2,15.2,0,0,0
3594,56.32,0,14,104.9,1,1,1
3595,91.92,22,2,39.0,0,0,0
3596,7.4,14,0,3.4,0,0,0
3597,5.44,19,5,11.9,0,1,0
3598,19.67,14,6,2.2,0,1,0
3599,30.08,11,2,5.7,0,0,0
3600,46.75,11,4,2.4,0,0,0
3601,41.29,19,4,7.2,0,1,0
3602,38.46,16,2,2.4,0,0,0
3603,56.99,19,2,2.9,0,1,0
3604,133.21,10,2,7.6,0,0,0
3605,52.56,13,1,4.6,0,0,0
3606,39.37,18,3,1.8,0,0,0
3607,130.65,8,5,6.6,1,1,0
3608,67.53,13,5,3.1,1,0,0
3609,103.46,16,2,3.7,0,0,0
3610,5.6,9,4,4.6,0,1,0
3611,10.27,16,5,4.5,0,0,0
3612,3.61,8,1,14.2,0,0,0
3613,122.67,20,2,4.0,0,1,0
3614,21.59,17,3,12.3,0,0,0
3615,22.26,18,2,0.1,0,1,0
3616,7.44,12,5,12.2,0,1,0
3617,99.0,9,4,0.2,0,1,0
3618,31.24,7,4,9.8,0,0,0
3619,45.96,9,2,6.6,0,0,0
3620,1.0,6,1,17.3,0,1,0
3621,11.28,8,2,5.0,0,1,0
3622,404.77,3,7,18.2,0,1,1
3623,16.51,15,2,3.0,1,0,0
3624,78.63,14,4,4.3,0,0,0
3625,9.55,16,3,11.2,0,0,0
3626,206.73,19,3,6.6,0,1,0
3627,56.54,17,2,7.4,0,0,0
3628,27.55,10,7,3.2,0,0,0
3629,87.91,22,4,18.0,0,0,0
3630,51.98,8,9,16.2,0,0,0
3631,58.57,13,4,3.6,0,0,0
3632,133.84,10,2,12.9,0,0,0
3633,4.68,10,1,4.2,0,0,0
3634,27.46,11,3,5.0,0,1,0
3635,674.2,0,7,48.9,0,1,1
3636,87.42,19,1,16.2,0,1,0
3637,1.0,14,3,9.9,0,0,0
3638,65.59,15,3,0.7,0,1,0
3639,88.72,17,2,1.0,0,0,0
3640,80.72,14,2,7.3,0,1,0
3641,56.29,15,5,2.6,0,0,0
3642,170.29,10,4,10.7,0,0,0
3643,16.63,19,1,16.9,0,1,0
3644,17.24,19,3,16.0,0,1,0
3645,53.61,9,0,22.5,0,1,0
3646,114.45,18,4,8.4,1,1,0
3647,28.05,9,1,6.5,0,0,0
3648,1.88,10,3,11.6,0,1,0
3649,135.13,13,4,7.4,0,1,0
3650,30.23,22,6,12.9,0,1,0
3651,5.45,8,5,1.6,0,0,0
3652,32.99,4,3,3.0,0,0,0
3653,43.88,11,1,4.6,0,0,0
3654,5.84,22,2,2.1,0,0,0
3655,50.05,7,2,3.5,0,1,0
3656,30.21,17,4,3.8,0,1,0
3657,96.22,12,0,8.4,0,1,0
3658,14.09,18,5,9.7,0,1,0
3659,63.31,10,5,1.1,0,0,0
3660,146.09,9,2,6.9,0,1,0
3661,36.17,20,1,3.6,1,1,0
3662,44.37,11,3,16.6,0,1,0
3663,49.28,5,4,27.4,0,0,0
3664,8.56,7,2,19.5,0,0,0
3665,4.1,17,1,6.2,0,1,0
3666,21.49,11,1,6.5,0,0,0
3667,84.65,12,1,7.4,0,1,0
3668,122.66,18,1,22.9,0,0,0
3669,53.96,18,5,0.8,1,1,0
3670,14.32,9,1,22.7,0,1,0
3671,234.38,8,2,25.3,0,1,0
3672,6.56,16,2,9.3,0,0,0
3673,13.53,16,2,4.7,0,0,0
3674,14.93,18,2,4.3,0,0,0
3675,120.77,10,3,9.6,0,0,0
3676,6.12,9,1,10.6,0,1,0
3677,136.81,10,1,16.6,0,0,0
3678,21.59,18,2,4.9,0,1,0
3679,69.13,12,1,2.6,1,0,0
3680,1265.95,7,16,7.3,0,1,1
3681,173.34,18,1,1.7,0,1,0
3682,120.98,15,3,13.0,0,1,0
3683,20.52,12,4,6.8,0,1,0
3684,99.53,9,1,14.4,0,0,0
3685,175.43,21,6,17.6,0,0,0
3686,36.67,17,1,4.0,1,1,0
3687,1.27,13,1,5.6,0,1,0
3688,110.58,11,3,0.4,0,0,0
3689,136.82,9,0,3.7,0,1,0
3690,4.26,19,6,18.9,0,1,0
3691,43.3,6,3,5.7,0,1,0
3692,97.54,9,0,3.4,0,0,0
3693,163.63,18,4,2.8,0,1,0
3694,51.1,12,3,1.7,0,0,0
3695,72.41,15,2,2.4,0,1,0
3696,36.46,14,3,28.0,0,0,0
3697,32.31,0,5,3.8,0,0,0
3698,7.0,16,3,0.5,0,1,0
3699,47.27,16,2,1.5,0,1,0
3700,106.43,12,2,21.5,0,0,0
3701,8.34,9,4,7.3,0,0,0
3702,7.49,13,4,31.9,0,0,0
3703,1744.32,20,7,118.5,0,1,1
3704,162.69,19,1,5.0,0,0,0
3705,10.73,22,4,6.7,0,0,0
3706,132.01,18,5,0.3,0,0,0
3707,26.77,9,3,1.4,0,0,0
3708,112.45,20,3,12.0,0,0,0
3709,87.65,14,4,0.9,0,1,0
3710,25.2,10,2,3.7,0,0,0
3711,6.51,8,2,0.2,0,0,0
3712,6.18,15,1,8.2,0,1,0
3713,86.62,8,3,11.0,0,0,0
3714,57.8,6,4,16.1,0,1,0
3715,102.02,8,6,1.7,0,0,0
3716,142.07,12,2,15.1,0,0,0
3717,61.02,21,8,16.2,0,0,0
3718,83.57,19,4,4.1,0,0,0
3719,46.07,9,1,6.9,0,1,0
3720,87.06,17,1,8.2,1,0,0
3721,24.51,13,4,9.1,0,0,0
3722,9.05,19,4,1.1,0,0,0
3723,77.15,9,2,3.6,0,1,0
3724,298.64,11,3,1.5,1,1,0
3725,33.64,18,0,7.5,0,0,0
3726,33.05,16,2,4.2,0,0,0
3727,24.57,8,3,2.9,0,1,0
3728,17.4,15,2,14.4,0,1,0
3729,17.78,14,5,7.9,0,0,0
3730,124.57,9,2,3.1,0,0,0
3731,65.54,5,1,11.4,0,1,0
3732,76.99,11,5,8.4,0,0,0
3733,125.03,14,6,2.3,0,1,0
3734,205.52,12,1,10.0,0,1,0
3735,5.08,18,1,7.8,0,1,0
3736,73.96,8,0,8.0,0,0,0
3737,172.54,10,1,14.4,0,1,0
3738,1065.68,21,11,2.0,0,1,1
3739,2.82,17,1,1.3,0,0,0
3740,70.6,11,0,1.7,0,0,0
3741,46.16,19,3,7.8,1,1,0
3742,9.76,17,3,1.7,0,0,0
3743,172.4,11,3,2.3,0,0,0
3744,91.98,11,3,2.5,0,1,0
3745,575.93,1,8,20.4,1,1,1
3746,22.33,7,6,1.4,0,0,0
3747,115.82,14,2,12.9,0,0,0
3748,69.61,10,6,11.4,0,1,0
3749,105.71,18,4,10.8,0,0,0
3750,3.89,9,2,1.6,0,0,0
3751,56.86,10,4,2.7,0,0,0
3752,20.27,17,3,9.7,1,0,0
3753,56.5,12,2,3.8,0,1,0
3754,61.76,16,5,5.1,0,0,0
3755,1.5,23,1,3.7,0,0,0
3756,31.07,3,2,5.0,0,1,0
3757,39.35,21,4,7.1,0,0,0
3758,8.51,17,2,6.0,0,0,0
3759,131.26,11,3,5.9,0,0,0
3760,129.26,8,4,12.8,0,0,0
3761,32.77,11,2,0.3,0,0,0
3762,74.41,16,2,2.0,0,1,0
3763,34.63,7,3,2.1,0,0,0
3764,45.98,19,3,1.4,0,1,0
3765,50.84,15,5,0.9,0,1,0
3766,16.67,7,6,18.2,0,0,0
3767,7.99,16,8,2.2,0,0,0
3768,21.75,14,3,7.2,0,0,0
3769,79.14,15,2,9.4,0,1,0
3770,32.15,9,3,0.5,0,0,0
3771,6.17,16,4,0.6,0,0,0
3772,45.4,17,4,3.0,0,1,0
3773,14.34,13,1,1.1,0,0,0
3774,14.77,17,2,11.8,0,0,0
3775,120.37,17,4,1.7,0,0,0
3776,1.0,5,2,5.2,0,0,0
3777,5.02,18,6,2.1,0,0,0
3778,102.29,21,2,9.1,0,1,0
3779,38.71,15,4,7.7,0,0,0
3780,89.82,19,4,0.1,0,0,0
3781,157.03,4,10,91.1,0,1,1
3782,18.23,9,2,16.5,1,0,0
3783,14.75,20,2,6.5,0,0,0
3784,25.48,12,4,7.8,0,0,0
3785,131.71,11,3,23.4,0,1,0
3786,88.56,17,5,25.0,0,1,0
3787,1.0,17,2,0.7,0,0,0
3788,88.59,2,1,9.1,0,0,0
3789,236.49,15,1,8.7,0,1,0
3790,80.62,10,3,1.8,0,1,0
3791,152.47,9,4,2.2,0,1,0
3792,61.3,16,0,0.3,0,1,0
3793,3.46,17,3,1.0,0,0,0
3794,38.17,14,1,1.1,0,1,0
3795,88.11,19,0,31.8,0,1,0
3796,112.04,16,4,5.4,0,0,0
3797,80.39,8,2,3.2,0,0,0
3798,4.81,15,3,3.1,0,1,0
3799,28.12,22,1,2.4,0,0,0
3800,87.11,9,1,10.4,0,1,0
3801,35.84,17,1,21.2,0,0,0
3802,12.89,19,6,3.0,0,1,0
3803,15.27,13,5,1.0,0,0,0
3804,1.0,7,1,4.6,0,0,0
3805,4.3,6,1,1.6,0,1,0
3806,109.05,10,1,10.2,0,0,0
3807,84.27,10,2,14.6,0,1,0
3808,2.18,12,0,7.1,0,1,0
3809,13.03,7,2,7.9,0,1,0
3810,14.87,8,3,2.6,0,0,0
3811,46.01,14,2,22.8,1,0,0
3812,33.06,13,2,4.1,0,0,0
3813,24.18,18,6,1.5,1,1,0
3814,59.44,12,2,2.2,0,0,0
3815,44.54,10,4,8.9,0,1,0
3816,117.5,13,3,17.9,0,1,0
3817,33.01,15,1,18.8,0,0,0
3818,38.55,18,4,0.4,0,0,0
3819,12.75,7,4,5.8,0,1,0
3820,27.95,8,3,5.6,0,1,0
3821,69.68,12,0,0.6,0,0,0
3822,46.01,13,2,17.7,0,0,0
3823,43.93,15,5,2.1,0,0,0
3824,94.94,16,2,9.5,0,0,0
3825,45.0,7,2,10.3,0,1,0
3826,25.86,14,7,17.8,0,0,0
3827,55.97,20,9,5.5,0,1,0
3828,80.83,18,3,2.5,0,0,0
3829,83.29,18,3,16.3,0,0,0
3830,38.78,10,4,5.7,0,1,0
3831,99.32,23,4,13.3,0,1,0
3832,15.19,8,2,1.0,0,1,0
3833,80.33,13,2,3.9,0,0,0
3834,43.74,20,3,16.3,0,1,0
3835,330.33,5,12,61.9,1,1,1
3836,16.4,0,3,5.3,0,0,0
3837,125.59,10,1,0.1,0,1,0
3838,53.14,23,0,17.8,0,1,0
3839,157.41,13,3,2.1,0,1,0
3840,203.78,13,2,8.0,0,0,0
3841,63.54,9,1,11.8,0,0,0
3842,67.01,21,5,8.3,0,0,0
3843,1.42,20,2,6.1,0,0,0
3844,19.76,16,4,2.4,0,0,0
3845,6.65,8,4,9.1,0,1,0
3846,17.23,17,3,6.2,0,1,0
3847,47.96,8,4,20.8,1,0,0
3848,85.65,17,1,10.0,0,1,0
3849,23.61,11,5,6.9,0,0,0
3850,128.88,22,3,7.3,0,0,0
3851,41.85,14,4,4.1,0,1,0
3852,20.43,14,4,2.2,0,1,0
3853,1.0,10,3,16.8,0,1,0
3854,22.4,15,5,8.4,0,1,0
3855,114.66,11,4,5.4,0,0,0
3856,62.66,20,3,8.1,0,0,0
3857,90.19,16,1,14.8,0,0,0
3858,16.87,12,3,1.4,0,1,0
3859,46.59,21,2,2.9,0,1,0
3860,41.25,19,3,20.8,0,0,0
3861,46.07,12,2,0.2,0,0,0
3862,56.7,17,6,5.8,0,0,0
3863,103.54,12,4,3.5,0,1,0
3864,81.34,9,1,8.1,0,0,0
3865,1.62,12,4,0.8,0,0,0
3866,50.0,4,11,90.9,1,1,1
3867,58.86,12,3,2.1,0,1,0
3868,162.82,0,3,4.0,0,0,0
3869,1506.88,18,11,225.5,1,1,1
3870,156.41,20,1,26.2,0,1,0
3871,17.73,18,0,9.3,0,1,0
3872,61.12,17,3,22.6,0,0,0
3873,46.59,0,1,2.5,0,1,0
3874,111.26,13,3,47.3,0,0,0
3875,15.69,16,4,2.4,0,0,0
3876,1.0,22,2,1.8,0,0,0
3877,41.06,15,2,12.6,0,0,0
3878,67.47,15,4,18.9,0,0,0
3879,133.4,17,0,4.7,1,0,0
3880,155.83,13,4,0.4,0,1,0
3881,44.23,8,4,10.7,0,1,0
3882,24.09,6,1,3.2,0,0,0
3883,306.64,11,3,5.8,0,0,0
3884,20.61,5,6,14.7,0,1,0
3885,102.54,17,7,1.0,1,0,0
3886,83.45,4,2,23.0,0,0,0
3887,388.52,12,2,2.3,0,1,0
3888,138.97,20,0,15.2,0,0,0
3889,89.39,14,5,10.4,0,0,0
3890,215.06,5,4,4.9,0,1,0
3891,129.59,15,5,5.2,0,0,0
3892,47.55,5,1,21.9,0,0,0
3893,32.39,13,6,1.7,1,1,0
3894,87.81,2,1,3.2,0,0,0
3895,94.86,13,3,14.8,0,1,0
3896,114.63,16,4,0.8,0,0,0
3897,317.43,17,1,8.0,0,1,0
3898,18.74,15,3,0.7,1,0,0
3899,57.5,13,4,1.9,0,1,0
3900,73.58,17,4,8.1,0,1,0
3901,18.48,7,1,16.9,1,0,0
3902,40.15,8,6,20.5,0,0,0
3903,95.26,18,3,4.0,0,1,0
3904,10.36,12,3,12.2,0,0,0
3905,288.35,8,1,2.7,0,0,0
3906,155.22,17,3,2.9,0,1,0
3907,23.4,7,3,11.6,0,0,0
3908,22.23,0,5,1.0,0,0,0
3909,8.56,14,6,6.3,0,1,0
3910,16.35,7,8,1.2,0,0,0
3911,76.77,12,3,6.4,0,0,0
3912,155.52,12,4,3.2,0,1,0
3913,7.61,14,4,4.1,0,1,0
3914,62.23,15,5,5.7,0,1,0
3915,36.75,11,6,6.6,0,0,0
3916,31.05,17,4,1.0,0,0,0
3917,99.91,10,1,5.6,0,1,0
3918,127.14,7,3,27.1,0,1,0
3919,84.24,13,5,11.0,0,0,0
3920,139.15,13,1,3.2,0,1,0
3921,20.42,13,8,7.7,0,1,0
3922,12.76,14,3,12.1,0,0,0
3923,116.97,8,2,0.5,0,0,0
3924,22.87,15,7,21.0,0,1,0
3925,127.79,10,5,15.8,0,1,0
3926,1.94,10,2,3.7,0,0,0
3927,71.11,9,3,2.4,0,1,0
3928,23.75,7,5,6.2,0,1,0
3929,380.29,22,9,17.0,0,1,1
3930,2.07,11,5,32.7,0,1,0
3931,19.88,20,1,8.5,0,1,0
3932,47.22,16,4,8.0,0,1,0
3933,37.56,11,3,3.1,0,1,0
3934,19.48,15,2,0.6,0,1,0
3935,2.24,16,3,2.1,1,0,0
3936,163.54,9,3,6.5,0,1,0
3937,11.2,17,1,1.8,0,0,0
3938,60.31,16,4,2.7,1,1,0
3939,15.59,11,2,5.5,0,1,0
3940,33.13,15,4,5.0,0,0,0
3941,90.24,15,3,5.0,0,0,0
3942,52.54,9,7,11.6,0,1,0
3943,23.08,12,3,0.2,0,1,0
3944,179.44,14,4,16.2,0,0,0
3945,53.59,14,2,2.8,0,0,0
3946,6.47,20,4,39.2,1,0,0
3947,20.13,8,1,27.7,0,0,0
3948,20.03,15,6,14.3,0,0,0
3949,102.64,19,5,15.1,0,0,0
3950,9.37,11,4,0.9,0,1,0
3951,13.63,17,5,9.2,0,0,0
3952,70.1,18,2,1.6,0,1,0
3953,8.48,7,4,5.4,0,1,0
3954,123.05,14,1,0.4,0,1,0
3955,46.53,19,5,11.8,0,0,0
3956,49.86,17,4,8.0,0,0,0
3957,7.49,1,2,5.9,1,1,0
3958,52.43,15,5,4.8,0,1,0
3959,12.93,10,3,14.3,0,0,0
3960,114.18,19,4,2.0,0,1,0
3961,18.4,7,2,5.0,0,0,0
3962,124.07,17,2,8.7,0,0,0
3963,30.65,20,3,0.2,0,0,0
3964,168.1,21,4,5.7,0,1,0
3965,30.99,14,4,6.3,0,0,0
3966,83.3,9,5,7.9,0,1,0
3967,142.6,1,2,1.9,0,0,0
3968,25.8,15,4,0.4,1,1,0
3969,30.3,22,0,16.2,0,0,0
3970,19.27,17,3,0.1,0,0,0
3971,45.5,12,4,12.4,0,0,0
3972,16.12,6,3,1.1,0,1,0
3973,8.42,13,5,0.2,0,0,0
3974,14.49,17,2,13.3,0,1,0
3975,24.48,12,3,8.8,0,0,0
3976,30.56,11,1,4.9,0,1,0
3977,123.95,18,3,7.1,0,0,0
3978,30.54,6,3,18.0,0,0,0
3979,116.23,12,3,3.8,0,0,0
3980,82.8,10,4,0.7,0,1,0
3981,30.42,18,2,3.8,0,1,0
3982,160.67,8,7,13.6,0,0,0
3983,89.57,6,0,0.4,0,1,0
3984,3.9,18,0,2.6,0,1,0
3985,23.81,9,3,16.2,0,0,0
3986,558.66,0,6,63.8,1,1,1
3987,36.35,14,4,8.4,0,1,0
3988,6.93,15,1,1.2,0,1,0
3989,50.3,15,6,15.3,0,0,0
3990,113.53,16,1,5.9,0,0,0
3991,54.59,6,2,3.1,0,0,0
3992,40.25,17,2,23.6,0,1,0
3993,69.41,15,3,4.1,0,1,0
3994,30.59,17,4,7.9,0,0,0
3995,19.0,14,0,2.2,0,0,0
3996,42.28,16,5,5.5,0,0,0
3997,55.95,18,4,3.6,0,0,0
3998,29.81,9,0,6.0,0,0,0
3999,1.03,19,4,20.4,0,0,0
4000,154.75,10,4,0.5,0,0,0
4001,23.71,13,4,3.4,0,0,0
4002,26.41,18,1,4.7,0,0,0
4003,77.27,21,5,15.6,0,0,0
4004,8.49,17,7,6.2,1,1,0
4005,23.22,3,1,2.3,0,1,0
4006,121.92,5,2,8.5,0,1,0
4007,59.59,13,3,14.5,0,1,0
4008,57.86,17,0,7.0,0,1,0
4009,41.41,17,2,3.0,0,0,0
4010,6.44,11,1,5.0,0,0,0
4011,45.41,13,8,1.9,1,0,0
4012,40.27,19,2,0.1,0,0,0
4013,68.01,15,1,5.4,0,1,0
4014,43.35,17,4,21.0,0,1,0
4015,38.1,8,2,2.0,0,1,0
4016,11.44,10,3,4.0,0,1,0
4017,2.69,17,2,19.8,0,0,0
4018,3951.56,23,9,80.1,0,1,1
4019,16.0,13,4,2.5,0,1,0
4020,145.39,21,7,3.2,0,1,0
4021,18.91,1,2,0.5,0,1,0
4022,137.79,17,1,9.0,0,1,0
4023,47.44,16,1,11.7,0,1,0
4024,35.01,10,5,16.4,0,1,0
4025,48.4,19,3,15.4,0,0,0
4026,15.15,17,2,5.0,0,1,0
4027,10.39,11,4,2.7,0,1,0
4028,7.29,20,2,8.7,0,0,0
4029,106.64,17,4,2.1,0,0,0
4030,16.17,17,3,29.3,0,1,0
4031,107.05,13,4,5.4,0,1,0
4032,20.58,16,1,4.1,1,1,0
4033,40.29,22,1,6.9,0,1,0
4034,70.64,2,1,4.4,0,0,0
4035,66.89,20,1,17.7,0,0,0
4036,182.85,10,0,32.3,0,0,0
4037,204.44,21,2,55.5,0,0,0
4038,41.43,9,3,14.4,0,0,0
4039,8.06,7,2,5.3,0,0,0
4040,141.25,17,2,4.6,0,1,0
4041,27.3,9,1,20.0,0,1,0
4042,74.15,15,1,1.6,0,1,0
4043,22.31,15,2,9.9,1,0,0
4044,20.99,15,6,6.8,0,1,0
4045,230.08,8,4,1.6,0,0,0
4046,33.49,8,3,4.6,0,1,0
4047,19.71,16,5,5.4,0,0,0
4048,13.96,10,2,15.4,0,0,0
4049,82.0,8,2,8.1,0,1,0
4050,112.84,9,3,4.8,0,1,0
4051,43.79,5,0,5.0,0,1,0
4052,199.15,19,1,3.5,0,0,0
4053,65.11,10,5,10.6,0,0,0
4054,45.39,18,2,23.6,0,1,0
4055,6.65,23,3,37.7,0,1,0
4056,48.75,5,2,29.3,0,0,0
4057,1750.32,2,4,3.6,1,1,1
4058,8.46,18,2,0.6,0,1,0
4059,828.81,17,13,58.8,1,1,1
4060,102.22,11,3,8.7,0,0,0
4061,19.17,23,5,21.1,0,1,0
4062,65.58,11,6,30.7,0,0,0
4063,24.55,16,1,0.5,0,0,0
4064,6.51,15,6,24.2,0,0,0
4065,28.31,12,3,13.9,1,0,0
4066,116.47,14,2,2.7,1,1,0
4067,34.12,5,2,2.1,0,1,0
4068,104.23,8,2,1.9,1,1,0
4069,76.56,9,4,1.3,0,0,0
4070,60.94,21,3,2.3,0,1,0
4071,24.95,12,3,0.2,0,0,0
4072,146.12,10,0,2.7,0,0,0
4073,50.98,17,1,5.4,0,0,0
4074,145.72,16,0,2.1,0,0,0
4075,133.66,15,2,4.8,0,1,0
4076,29.78,11,2,0.1,0,1,0
4077,95.89,12,3,2.3,0,0,0
4078,33.05,3,3,1.4,0,0,0
4079,28.34,9,5,2.0,0,0,0
4080,181.15,16,4,13.5,0,0,0
4081,74.29,16,2,8.1,0,0,0
4082,15.29,22,2,7.3,0,1,0
4083,8.72,17,1,4.9,0,1,0
4084,10.93,12,4,2.7,0,0,0
4085,71.11,9,2,14.6,0,0,0
4086,73.38,16,7,24.3,0,1,0
4087,136.56,15,0,0.1,1,1,0
4088,1.0,12,2,4.6,0,1,0
4089,23.92,8,2,3.7,0,1,0
4090,57.13,17,2,20.6,1,1,0
4091,155.09,15,4,4.7,0,0,0
4092,14.45,8,6,1.2,0,0,0
4093,12.75,22,3,10.0,0,1,0
4094,12.28,18,3,7.1,0,1,0
4095,34.56,15,4,2.9,0,1,0
4096,9.89,9,1,2.0,0,0,0
4097,30.96,14,2,7.5,0,0,0
4098,124.94,15,4,12.6,0,1,0
4099,134.58,13,3,5.1,0,0,0
4100,16.64,22,1,14.0,0,1,0
4101,30.67,15,1,17.0,0,0,0
4102,359.24,7,2,1.4,0,0,0
4103,29.77,15,1,9.7,0,0,0
4104,82.92,7,0,3.8,0,1,0
4105,50.4,17,2,11.2,0,0,0
4106,52.9,18,4,8.5,0,0,0
4107,44.44,8,1,4.2,0,0,0
4108,50.47,8,4,3.6,0,1,0
4109,1636.56,11,6,140.2,0,1,1
4110,63.84,18,3,8.2,0,0,0
4111,12.05,16,4,19.4,0,0,0
4112,93.35,22,1,1.5,0,0,0
4113,148.63,12,4,0.3,0,1,0
4114,13.17,17,5,9.1,0,0,0
4115,77.07,10,3,4.6,0,1,0
4116,38.88,18,1,17.7,0,1,0
4117,10.19,15,4,4.6,0,1,0
4118,48.47,8,4,12.4,0,1,0
4119,1.27,8,5,2.7,0,0,0
4120,114.57,14,1,0.5,0,0,0
4121,11.31,14,3,14.3,0,1,0
4122,23.53,15,1,1.7,0,1,0
4123,184.35,8,2,4.2,0,1,0
4124,16.12,11,4,0.7,0,0,0
4125,1.4,7,2,3.9,0,1,0
4126,12.25,8,2,1.9,0,0,0
4127,26.44,18,4,22.5,0,0,0
4128,87.14,8,6,9.3,0,1,0
4129,72.39,15,5,36.6,0,0,0
4130,40.56,20,2,6.5,0,1,0
4131,150.14,18,1,38.7,0,1,0
4132,91.21,17,2,6.1,0,0,0
4133,37.18,13,5,13.8,0,1,0
4134,112.28,10,2,3.2,0,1,0
4135,57.7,16,4,7.6,0,1,0
4136,96.25,11,1,13.5,0,0,0
4137,24.28,1,2,8.5,0,1,0
4138,17.73,3,2,8.5,0,1,0
4139,59.2,17,3,6.9,0,1,0
4140,104.6,0,10,130.0,1,1,1
4141,28.81,10,1,0.5,0,0,0
4142,205.34,19,0,21.5,0,0,0
4143,587.24,18,8,0.7,1,0,1
4144,2.75,10,3,0.4,0,0,0
4145,95.86,21,5,6.2,0,0,1
4146,24.81,9,5,12.8,0,1,0
4147,57.16,11,1,0.2,1,1,0
4148,115.45,20,0,3.6,0,1,0
4149,112.64,15,3,2.1,0,0,0
4150,35.22,9,3,22.8,0,0,0
4151,1.0,7,3,5.0,0,1,0
4152,83.37,14,4,1.3,0,1,0
4153,75.22,10,3,8.9,0,0,0
4154,50.03,14,1,6.4,0,0,0
4155,16.19,17,4,6.1,0,1,0
4156,26.0,10,0,10.2,0,1,0
4157,61.96,17,3,22.0,1,0,0
4158,7.46,14,1,19.9,0,0,0
4159,119.95,15,5,1.5,0,1,0
4160,77.85,16,6,0.2,0,0,0
4161,1.18,22,3,1.7,0,0,0
4162,2.03,10,3,3.8,0,1,0
4163,8.72,7,4,14.0,0,0,0
4164,2135.98,21,10,64.6,1,1,1
4165,76.55,16,4,6.1,0,1,0
4166,1148.03,23,10,177.3,1,0,1
4167,37.17,19,2,6.2,0,1,0
4168,112.17,16,2,2.9,0,0,0
4169,258.66,17,2,22.2,0,0,0
4170,30.45,10,4,1.1,0,0,0
4171,5.93,18,1,5.0,0,0,0
4172,25.47,3,4,2.5,0,0,0
4173,6.76,16,1,3.0,0,0,0
4174,3.36,18,3,2.5,0,0,0
4175,1.0,2,2,5.2,0,1,0
4176,11.41,14,3,3.4,0,0,0
4177,48.43,10,5,6.5,1,0,0
4178,98.19,17,8,2.7,0,0,0
4179,771.92,4,10,178.9,0,1,1
4180,111.63,15,1,24.5,0,0,0
4181,74.39,17,3,1.3,0,0,0
4182,63.15,18,3,6.7,0,0,0
4183,7.6,9,2,8.8,0,0,0
4184,5.72,21,2,2.8,0,0,0
4185,26.99,22,6,4.2,0,1,0
4186,44.2,1,3,1.9,0,0,0
4187,8.86,21,5,2.0,0,1,0
4188,16.66,8,5,22.5,0,0,0
4189,192.98,9,2,3.7,1,0,0
4190,39.97,14,4,3.6,0,0,0
4191,173.73,11,4,14.5,0,1,0
4192,176.38,15,2,2.5,0,1,0
4193,87.85,10,2,3.5,0,1,0
4194,18.87,12,3,29.4,0,1,0
4195,21.02,18,2,20.0,0,0,0
4196,37.52,14,2,15.6,1,0,0
4197,1.9,17,3,3.1,0,0,0
4198,17.4,23,2,0.6,0,1,0
4199,117.7,12,5,3.6,0,0,0
4200,3.01,9,3,13.1,0,0,0
4201,55.44,19,1,14.1,0,0,0
4202,30.26,8,3,2.4,0,1,0
4203,19.02,9,3,0.2,0,0,0
4204,72.52,10,5,4.1,0,1,0
4205,95.45,10,0,4.4,0,1,0
4206,3.42,22,4,0.5,0,0,0
4207,104.46,2,2,0.8,0,1,0
4208,26.55,18,3,1.3,0,1,0
4209,32.95,12,3,3.1,1,0,0
4210,1.0,15,3,1.8,0,0,0
4211,66.31,13,2,18.7,0,1,0
4212,48.53,17,1,9.3,0,0,0
4213,9.17,17,3,9.9,0,0,0
4214,17.0,14,6,16.8,0,0,0
4215,10.29,8,3,6.7,0,0,0
4216,8.67,8,3,4.0,0,0,0
4217,88.12,2,8,52.3,1,1,1
4218,12.98,0,5,4.1,0,0,0
4219,53.81,9,4,0.0,0,0,0
4220,129.94,21,2,8.2,0,0,0
4221,32.64,20,2,5.6,0,1,0
4222,1.0,7,3,15.2,0,0,0
4223,48.15,14,2,11.5,0,0,0
4224,20.4,16,6,6.6,0,0,0
4225,67.01,19,3,5.3,0,1,0
4226,453.03,10,2,1.1,1,0,0
4227,64.97,15,5,0.5,0,0,0
4228,31.93,12,3,0.5,0,0,0
4229,151.38,12,4,4.0,0,0,0
4230,86.8,14,2,6.8,0,1,0
4231,67.38,15,3,7.1,0,0,0
4232,73.72,12,5,10.9,0,1,0
4233,10.39,9,5,8.2,0,1,0
4234,12.25,14,1,4.7,0,1,0
4235,172.09,5,5,3.6,0,1,0
4236,162.09,14,3,2.5,0,1,0
4237,27.76,18,1,10.2,0,1,0
4238,28.91,7,2,10.1,0,0,0
4239,74.5,11,3,9.7,0,0,0
4240,78.48,11,4,2.1,0,1,0
4241,28.69,4,6,10.8,0,0,0
4242,2.23,18,5,1.6,0,0,0
4243,39.07,18,3,2.3,1,0,0
4244,122.43,17,2,14.6,0,0,0
4245,11.25,8,3,13.2,0,0,0
4246,144.39,13,3,1.5,0,1,0
4247,10.69,16,0,1.8,0,1,0
4248,37.31,12,4,13.2,0,0,0
4249,8.3,16,5,11.9,0,0,0
4250,24.53,14,1,5.4,0,1,0
4251,15.94,10,2,30.8,0,0,0
4252,11.67,2,6,2.1,0,1,0
4253,14.06,4,3,8.6,0,1,0
4254,107.28,13,2,1.6,0,0,0
4255,73.12,17,2,6.3,0,1,0
4256,13.68,14,3,2.4,0,1,0
4257,67.58,11,5,3.9,0,1,0
4258,5.27,13,2,12.5,0,0,0
4259,63.68,14,4,11.0,0,1,0
4260,90.78,17,3,6.7,0,0,0
4261,128.59,15,3,9.7,1,1,0
4262,218.0,8,3,0.4,0,0,0
4263,1.0,9,5,2.0,0,1,0
4264,43.64,17,2,6.3,0,1,0
4265,10.97,8,1,6.3,0,0,0
4266,123.82,0,5,2.4,0,0,0
4267,3.83,10,1,14.9,0,1,0
4268,161.44,17,6,4.0,0,1,0
4269,71.13,15,1,3.1,1,1,0
4270,1228.17,0,7,7.7,1,1,1
4271,55.62,13,3,1.2,0,0,0
4272,22.29,14,8,2.2,1,0,0
4273,142.0,10,4,6.9,0,0,0
4274,17.26,16,6,13.1,0,0,0
4275,47.46,22,3,0.8,0,1,0
4276,1300.07,0,13,107.2,1,1,1
4277,75.02,17,3,9.4,0,1,0
4278,43.09,4,2,19.4,1,0,0
4279,6.33,22,1,6.3,1,1,0
4280,274.42,3,9,9.2,0,1,1
4281,106.16,17,3,0.7,0,1,0
4282,50.0,6,7,146.5,1,1,1
4283,63.6,19,2,1.6,0,0,0
4284,15.86,12,2,9.2,0,0,0
4285,2.66,13,3,2.7,0,0,0
4286,45.24,12,7,10.1,0,0,0
4287,46.69,16,4,0.5,1,1,0
4288,245.66,13,2,4.1,0,1,0
4289,18.82,7,2,31.3,0,0,0
4290,140.09,16,3,8.0,0,0,0
4291,13.22,7,5,7.5,0,1,0
4292,67.41,9,2,1.2,0,1,0
4293,100.26,11,3,0.4,0,0,0
4294,21.96,16,2,16.8,0,1,0
4295,100.7,15,2,2.3,0,0,0
4296,82.39,22,2,22.8,0,1,0
4297,21.25,18,4,9.5,0,1,0
4298,159.85,9,3,1.6,0,1,0
4299,76.27,17,7,0.6,0,0,0
4300,22.9,7,5,17.3,0,0,0
4301,120.95,14,4,30.0,0,0,0
4302,10.82,18,2,24.0,1,1,0
4303,322.25,19,5,17.8,0,1,1
4304,117.68,9,4,2.7,0,1,0
4305,126.79,12,3,6.0,0,0,0
4306,16.84,18,4,2.7,0,0,0
4307,26.06,11,2,6.1,0,0,0
4308,69.24,6,3,4.3,0,1,0
4309,81.33,21,1,1.8,0,1,0
4310,1.0,7,5,4.5,0,0,0
4311,161.37,18,5,1.0,0,0,0
4312,22.5,15,2,12.7,0,1,0
4313,4.66,8,2,7.0,0,1,0
4314,38.98,8,8,7.6,0,0,0
4315,3.95,8,3,12.2,0,0,0
4316,105.8,1,3,3.0,0,0,0
4317,15.07,18,4,24.2,0,1,0
4318,187.0,10,2,13.3,0,1,0
4319,34.54,13,3,11.3,0,1,0
4320,21.58,20,3,0.3,0,1,0
4321,52.89,16,2,27.7,0,1,0
4322,292.06,4,4,4.1,0,1,0
4323,93.6,13,4,3.8,0,0,0
4324,149.08,19,1,0.7,0,0,0
4325,3.96,21,5,7.1,0,1,0
4326,21.01,11,4,0.8,0,1,0
4327,98.43,9,0,2.5,0,0,0
4328,16.27,10,3,0.4,0,0,0
4329,51.45,9,3,9.3,0,1,0
4330,10.73,21,1,16.3,0,1,0
4331,23.45,22,4,70.3,0,1,0
4332,125.91,16,3,5.0,0,0,0
4333,35.93,9,2,0.1,0,0,0
4334,60.94,15,4,0.6,0,0,0
4335,81.64,14,4,8.0,1,1,0
4336,82.54,8,6,9.2,0,0,0
4337,32.47,3,3,12.8,0,0,0
4338,11.77,7,2,9.5,0,1,0
4339,23.61,17,1,2.9,0,1,0
4340,127.08,6,1,8.0,0,0,0
4341,73.52,17,2,16.0,0,0,0
4342,747.7,4,4,41.4,0,1,1
4343,65.39,13,7,3.7,0,0,0
4344,56.63,18,2,3.2,0,0,0
4345,57.53,0,3,1.8,0,0,0
4346,24.3,22,6,9.4,0,1,0
4347,44.12,10,5,4.0,0,0,0
4348,8.83,22,3,9.5,0,1,0
4349,14.81,12,5,20.2,0,0,0
4350,41.66,11,1,15.8,0,1,0
4351,10.58,20,2,8.2,0,1,0
4352,128.97,21,2,2.3,0,1,0
4353,82.36,7,2,4.4,0,1,0
4354,41.74,3,0,21.4,0,0,0
4355,48.41,23,6,4.6,0,0,0
4356,41.15,10,3,9.7,0,0,0
4357,93.12,15,0,6.7,0,0,0
4358,76.6,16,4,13.3,0,1,0
4359,112.89,18,3,8.3,0,1,0
4360,55.48,15,2,7.6,0,0,0
4361,65.01,10,5,21.3,0,0,0
4362,2.58,9,4,4.6,0,1,0
4363,9.89,11,3,7.2,0,0,0
4364,89.9,8,1,2.6,0,0,0
4365,41.8,12,0,15.0,0,0,0
4366,44.13,15,5,10.8,0,0,0
4367,396.53,4,6,35.2,1,1,1
4368,55.31,17,1,13.1,0,0,0
4369,58.9,16,4,14.0,1,0,0
4370,40.37,21,3,6.8,0,0,0
4371,18.4,20,4,11.6,0,1,0
4372,11.39,8,4,0.7,0,0,0
4373,3.64,17,0,2.2,0,1,0
4374,177.68,7,3,9.0,1,1,0
4375,102.71,20,3,4.9,0,0,0
4376,25.1,14,3,1.1,0,0,0
4377,7.38,9,4,0.5,0,1,0
4378,6.04,11,5,6.2,0,0,0
4379,92.86,13,7,15.0,0,1,0
4380,4.6,9,3,12.6,0,1,0
4381,41.42,8,4,9.5,0,1,0
4382,1605.94,4,6,39.0,1,1,1
4383,2.49,17,3,9.4,0,0,0
4384,2.57,7,4,8.4,0,1,0
4385,984.63,2,5,15.7,1,1,1
4386,56.14,15,4,0.5,0,0,0
4387,126.49,19,1,8.1,0,0,0
4388,73.77,17,6,19.3,0,1,0
4389,57.84,13,1,3.8,0,0,0
4390,32.94,9,3,3.4,0,0,0
4391,42.27,16,3,0.6,0,0,0
4392,13.12,11,2,0.3,1,0,0
4393,44.62,10,2,1.0,0,1,0
4394,127.52,18,2,1.3,0,0,0
4395,3.33,9,1,30.8,1,0,0
4396,18.72,21,4,2.1,0,0,0
4397,1.1,13,3,19.7,0,1,0
4398,329.24,18,5,8.6,0,0,0
4399,101.56,17,3,8.8,0,0,0
4400,78.93,18,1,4.9,0,1,0
4401,3.78,12,2,3.2,0,0,0
4402,10.89,14,1,0.9,0,1,0
4403,40.2,11,3,16.6,0,1,0
4404,14.63,17,4,4.5,1,1,0
4405,64.09,17,2,5.6,0,1,0
4406,12.05,13,1,2.0,0,1,0
4407,17.88,10,2,1.1,0,1,0
4408,61.67,16,2,14.5,0,1,0
4409,50.5,7,6,40.3,0,1,0
4410,18.91,16,2,8.0,0,1,0
4411,164.58,10,5,17.3,0,0,0
4412,44.75,7,4,2.9,0,0,0
4413,22.95,17,1,15.8,0,0,0
4414,50.97,17,2,15.6,0,0,0
4415,138.35,15,4,29.7,0,0,0
4416,21.19,14,4,8.3,0,0,0
4417,61.4,15,2,4.0,0,1,0
4418,49.7,15,5,0.8,0,0,0
4419,1201.35,10,10,215.6,0,0,1
4420,174.69,11,3,5.3,1,0,0
4421,170.64,5,0,6.4,0,0,0
4422,70.11,12,5,8.2,0,1,0
4423,19.01,18,2,0.6,0,0,0
4424,78.19,10,0,6.3,0,1,0
4425,18.56,12,1,3.0,0,1,0
4426,215.65,5,2,2.6,0,0,0
4427,80.52,15,3,0.2,0,1,0
4428,26.28,12,3,1.1,0,1,0
4429,78.28,2,3,0.0,0,0,0
4430,84.03,18,6,2.2,0,0,0
4431,42.98,15,0,9.1,0,1,0
4432,4.53,19,4,0.2,0,0,0
4433,27.56,17,0,9.8,0,0,0
4434,13.88,17,2,6.0,1,1,0
4435,51.95,4,2,5.8,0,1,0
4436,49.19,14,4,13.5,0,1,0
4437,733.13,18,13,1.4,0,0,1
4438,189.98,11,2,12.2,0,0,0
4439,10.58,19,2,18.9,0,0,0
4440,74.24,14,2,22.5,0,0,0
4441,40.11,16,4,1.0,0,1,0
4442,135.07,16,0,5.9,0,0,0
4443,60.21,21,2,12.5,0,0,0
4444,17.63,12,6,36.0,0,0,0
4445,8.64,20,8,1.3,0,0,0
4446,77.67,16,5,10.7,0,0,0
4447,241.42,11,1,8.6,0,1,0
4448,45.03,18,4,38.2,0,0,0
4449,22.03,11,0,8.5,0,0,0
4450,136.83,9,6,9.7,1,0,0
4451,25.55,3,1,1.8,0,1,0
4452,367.53,10,3,9.3,0,0,0
4453,26.0,12,2,1.1,0,0,0
4454,92.12,10,5,1.8,0,1,0
4455,17.28,15,1,16.9,0,1,0
4456,2.49,13,3,4.7,0,1,0
4457,53.96,14,3,7.9,0,1,0
4458,33.54,13,1,11.4,0,0,0
4459,21.48,9,3,8.2,1,0,0
4460,4.1,9,4,15.1,0,0,0
4461,54.69,8,6,7.8,0,0,0
4462,100.49,11,3,10.1,0,1,0
4463,41.98,11,5,3.1,0,0,0
4464,34.25,16,3,5.9,0,1,0
4465,51.6,6,3,3.3,0,1,0
4466,29.15,21,2,8.2,0,0,0
4467,168.73,7,3,0.4,0,1,0
4468,103.5,18,3,0.2,0,0,0
4469,34.46,8,3,7.9,0,0,0
4470,43.88,16,5,1.1,0,1,0
4471,31.71,7,5,5.8,0,0,0
4472,50.33,18,3,16.8,0,0,0
4473,52.64,11,4,3.9,0,1,0
4474,86.13,13,2,3.8,0,0,0
4475,24.68,22,3,17.0,0,0,0
4476,14.52,17,3,12.8,0,1,0
4477,48.96,14,7,0.2,0,1,0
4478,47.21,20,3,7.4,0,0,0
4479,25.99,8,4,7.1,0,0,0
4480,19.58,9,0,34.8,0,1,0
4481,7.76,17,2,6.5,0,0,0
4482,33.15,11,4,3.0,0,0,0
4483,3.86,14,3,4.5,0,1,0
4484,4.88,18,2,3.3,0,1,0
4485,62.42,17,1,7.8,0,1,0
4486,75.12,8,1,20.3,0,1,0
4487,57.14,2,2,9.5,0,1,0
4488,76.59,8,2,10.0,0,1,0
4489,23.53,7,3,6.1,0,0,0
4490,5.89,12,1,0.2,0,1,0
4491,12.49,3,6,15.4,0,0,0
4492,328.1,9,5,14.5,1,1,0
4493,90.92,15,2,12.1,0,1,0
4494,6.85,17,1,8.1,0,1,0
4495,34.18,10,2,4.5,0,0,0
4496,10.52,19,5,7.7,0,1,0
4497,105.5,8,3,18.3,0,0,0
4498,41.17,15,0,7.2,0,1,0
4499,31.32,7,1,4.4,0,0,0
4500,2.66,18,5,6.5,0,0,0
4501,43.43,21,3,1.1,0,0,0
4502,100.17,13,4,11.0,0,1,0
4503,65.73,15,9,71.9,1,1,1
4504,99.42,3,3,5.0,0,0,0
4505,6.58,18,3,19.4,0,0,0
4506,7.77,19,4,1.3,0,0,0
4507,6.12,9,4,4.5,0,1,0
4508,81.17,10,5,3.8,0,1,0
4509,104.24,12,2,11.2,0,0,0
4510,60.37,10,2,26.5,0,0,0
4511,127.92,8,4,3.4,0,1,0
4512,28.19,20,6,19.2,0,0,0
4513,116.76,15,3,0.0,0,0,0
4514,18.03,10,0,3.8,0,1,0
4515,77.26,13,3,5.4,0,0,0
4516,1.0,9,3,1.9,0,1,0
4517,125.86,18,2,12.7,0,1,0
4518,173.16,16,0,2.1,0,0,0
4519,22.27,13,3,4.7,1,0,0
4520,27.36,19,2,10.3,0,1,0
4521,1107.98,3,9,50.8,1,0,1
4522,8.43,18,4,5.6,0,1,0
4523,36.66,9,0,10.6,0,0,0
4524,79.98,21,1,4.6,0,1,0
4525,2.85,18,4,9.3,0,1,0
4526,40.92,9,4,8.8,0,1,0
4527,20.26,12,4,11.3,0,1,0
4528,79.18,13,2,1.9,0,1,0
4529,530.08,3,9,65.8,1,1,1
4530,23.02,17,1,3.3,0,0,0
4531,60.38,15,4,1.4,0,1,0
4532,9.83,18,2,0.1,0,0,0
4533,22.56,8,0,8.1,0,1,0
4534,1.61,16,4,10.4,0,0,0
4535,219.96,13,1,4.3,0,0,0
4536,13.0,10,1,5.3,0,1,0
4537,49.32,9,6,5.7,0,0,0
4538,174.56,18,1,0.8,0,0,0
4539,58.21,15,1,1.7,0,1,0
4540,26.76,13,3,16.6,0,1,0
4541,50.0,23,8,145.0,1,1,1
4542,74.78,9,2,1.8,0,1,0
4543,28.21,12,5,4.1,0,1,0
4544,7.15,8,3,4.3,0,1,0
4545,29.03,11,2,3.0,0,1,0
4546,74.73,11,3,1.0,0,1,0
4547,105.96,16,3,0.8,0,0,0
4548,154.69,13,2,9.4,0,0,0
4549,98.57,17,2,5.9,0,0,0
4550,28.22,7,3,4.3,0,1,0
4551,1.29,10,5,0.6,0,0,0
4552,12.79,16,3,20.2,0,0,0
4553,1.0,18,4,5.4,0,0,0
4554,178.04,10,1,4.1,0,1,0
4555,18.16,16,1,10.2,0,0,0
4556,36.31,8,2,4.7,0,0,0
4557,3.22,12,4,8.3,0,1,0
4558,88.69,15,1,3.2,0,0,0
4559,27.19,17,2,18.0,0,0,0
4560,7.09,22,5,6.3,0,1,0
4561,13.42,13,1,4.0,0,0,0
4562,2.51,20,3,3.3,0,1,0
4563,11.94,14,0,21.1,0,1,0
4564,56.81,0,6,4.7,0,1,0
4565,47.31,21,1,0.9,0,0,0
4566,139.47,20,2,13.2,0,1,0
4567,16.36,9,0,7.0,0,0,0
4568,94.94,14,3,8.6,1,0,0
4569,1.0,14,1,2.1,0,0,0
4570,38.32,21,3,28.4,0,0,0
4571,42.26,18,4,5.2,0,1,0
4572,6.97,20,1,3.3,0,1,0
4573,28.13,13,3,2.2,0,1,0
4574,80.36,20,7,8.1,0,1,0
4575,81.05,20,3,3.0,0,0,0
4576,122.14,20,2,1.2,0,1,0
4577,14.01,19,3,7.1,0,1,0
4578,16.1,16,4,19.1,0,0,0
4579,292.99,10,2,4.1,0,0,0
4580,4.3,12,2,8.6,1,1,0
4581,151.15,12,3,6.4,0,0,0
4582,28.52,19,4,1.1,0,0,0
4583,787.17,18,13,155.5,1,1,1
4584,57.4,17,7,13.1,0,0,0
4585,49.82,14,1,6.5,0,1,0
4586,2.97,18,2,4.4,0,1,0
4587,46.29,14,3,9.6,0,0,0
4588,6.59,12,5,1.1,0,0,0
4589,5.18,9,6,16.0,0,0,0
4590,19.6,21,1,37.4,0,1,0
4591,66.85,11,5,5.3,0,1,0
4592,52.45,11,2,9.7,0,1,0
4593,1.24,15,4,17.4,0,0,0
4594,6.0,9,3,1.8,0,0,0
4595,9.72,19,4,6.1,0,1,0
4596,41.7,9,2,4.0,0,0,0
4597,12.87,13,4,1.3,0,0,0
4598,94.32,18,4,7.1,0,1,0
4599,71.44,14,1,5.5,0,1,0
4600,66.99,8,4,1.6,0,1,0
4601,231.07,14,3,22.2,0,1,0
4602,64.32,19,3,3.0,0,1,0
4603,298.21,12,4,8.6,0,0,0
4604,100.63,9,3,2.1,0,1,0
4605,85.64,21,4,4.2,0,0,0
4606,42.56,20,2,30.8,0,1,0
4607,75.44,14,3,4.6,0,1,0
4608,1.75,9,1,12.3,0,1,0
4609,13.2,9,4,9.4,0,0,0
4610,190.69,11,3,6.4,0,0,0
4611,201.89,9,0,0.2,0,0,0
4612,52.75,20,2,3.5,0,1,0
4613,8.09,1,5,6.6,0,0,0
4614,110.18,19,2,2.9,0,1,0
4615,36.68,18,3,8.6,0,0,0
4616,98.55,10,11,16.6,0,1,0
4617,58.16,12,2,8.2,0,0,0
4618,7.16,7,1,15.0,0,0,0
4619,44.28,18,2,3.6,0,0,0
4620,2.65,7,1,2.4,0,0,0
